student_id,age,gender,study_hours_per_day,attendance_pct,sleep_hours,previous_exam_score,assignments_completed_pct,internal_test_score,extracurricular_activities,internet_access,tutoring_classes,parent_education,family_income_level,motivation_level,stress_level,mobile_screen_time_hrs,travel_time_mins,library_visits_per_month,teacher_student_ratio,final_exam_mark,result,grade
S1000,15,Male,4.5,91.1,6.4,82.9,89.8,69.6,Yes,Yes,Yes,Postgraduate,Low,1,1,2.1,45,9,15,85.3,Pass,A+
S1001,18,Female,2.9,84.8,8.0,79.1,78.3,64.7,Yes,No,No,High School,Medium,3,4,5.4,20,4,22,59.9,Pass,B
S1002,17,Male,3.5,88.4,7.3,80.4,79.5,84.1,No,Yes,No,Graduate,Medium,1,1,5.6,20,2,30,72.8,Pass,A
S1003,16,Female,3.3,73.5,4.9,65.0,85.4,56.5,No,Yes,No,Graduate,Medium,4,2,2.0,20,10,19,59.8,Pass,B
S1004,16,Male,4.0,79.8,7.6,53.8,74.1,50.0,Yes,Yes,Yes,High School,Low,3,2,5.0,20,7,27,49.9,Pass,C
S1005,18,Male,5.6,84.4,6.3,55.0,65.4,61.4,Yes,Yes,No,Graduate,Low,3,1,3.4,30,8,40,68.4,Pass,B
S1006,15,Female,3.6,91.8,8.5,70.5,72.3,71.0,Yes,Yes,Yes,Graduate,Medium,4,5,4.0,20,4,16,75.8,Pass,A
S1007,17,Female,4.5,77.3,6.2,73.7,83.7,72.0,Yes,Yes,No,Postgraduate,Low,4,3,4.2,10,4,16,77.0,Pass,A
S1008,15,Male,0.5,88.3,6.2,75.3,77.5,57.1,Yes,Yes,Yes,Postgraduate,Medium,2,2,5.0,45,4,22,59.1,Pass,B
S1009,15,Female,3.4,78.8,7.6,81.2,79.7,69.2,No,Yes,No,High School,Low,5,3,3.6,20,8,36,78.7,Pass,A
S1010,17,Male,2.2,80.6,7.9,59.1,85.2,52.1,No,Yes,Yes,Graduate,Low,3,1,5.6,20,2,25,47.0,Pass,C
S1011,18,Female,1.7,92.0,7.5,40.9,73.0,38.5,Yes,Yes,No,Graduate,Medium,1,3,4.0,20,10,31,41.9,Pass,C
S1012,17,Female,2.2,58.1,5.0,56.3,79.8,71.4,No,No,No,High School,Medium,1,3,4.4,45,1,15,42.9,Pass,C
S1013,18,Male,3.0,66.4,7.6,66.8,76.6,66.2,Yes,Yes,No,High School,Medium,2,2,2.3,20,5,34,64.6,Pass,B
S1014,17,Female,4.9,64.2,5.8,66.2,51.7,75.6,No,Yes,Yes,Postgraduate,Medium,4,5,6.7,45,3,16,63.9,Pass,B
S1015,18,Male,1.5,54.0,7.3,50.3,88.8,46.3,No,Yes,No,High School,Medium,3,2,4.2,60,7,33,35.2,Fail,F
S1016,17,Male,3.5,73.9,5.3,68.8,65.7,65.5,No,Yes,No,Graduate,Medium,2,1,4.6,30,7,18,55.0,Pass,C
S1017,15,Male,2.8,91.0,7.5,55.3,53.5,51.6,No,Yes,No,Postgraduate,Medium,3,3,1.1,20,10,37,55.8,Pass,B
S1018,18,Male,3.0,78.6,6.0,54.1,58.9,37.9,Yes,No,No,High School,High,5,5,2.3,45,8,22,46.6,Pass,C
S1019,16,Female,5.0,84.4,5.5,74.2,61.0,64.9,Yes,Yes,No,Graduate,Medium,3,2,5.4,30,2,19,69.5,Pass,B
S1020,17,Male,4.3,95.1,7.9,61.4,80.3,52.1,Yes,Yes,Yes,Postgraduate,High,1,1,3.9,20,2,23,59.8,Pass,B
S1021,16,Male,5.5,97.9,7.3,74.7,76.3,60.6,Yes,Yes,Yes,Graduate,Medium,1,5,0.6,30,9,15,73.8,Pass,A
S1022,15,Female,3.3,81.2,6.3,68.5,70.3,57.6,No,Yes,Yes,High School,Low,3,3,5.1,20,5,19,56.4,Pass,B
S1023,18,Male,2.5,98.2,8.7,44.9,89.8,58.7,Yes,Yes,Yes,High School,Medium,3,1,2.7,10,1,30,57.0,Pass,B
S1024,18,Female,3.2,83.1,6.5,56.9,81.0,58.4,No,Yes,No,Postgraduate,Medium,5,4,5.6,20,9,22,52.6,Pass,C
S1025,17,Male,3.9,72.0,7.0,87.8,77.3,88.4,Yes,Yes,No,High School,High,3,2,3.4,10,7,24,79.2,Pass,A
S1026,16,Female,3.8,74.9,7.3,48.5,79.6,58.4,Yes,Yes,No,Graduate,Medium,4,5,3.8,20,0,35,46.4,Pass,C
S1027,18,Female,1.9,64.2,6.3,28.5,79.5,43.3,Yes,Yes,No,High School,Low,3,2,5.3,30,8,18,27.9,Fail,F
S1028,17,Female,3.6,71.3,7.6,37.4,40.8,41.9,No,No,No,Graduate,Medium,2,3,2.2,60,6,25,29.5,Fail,F
S1029,16,Male,3.8,77.7,6.4,66.3,68.8,69.8,No,No,No,Postgraduate,Low,4,3,2.0,10,6,19,66.5,Pass,B
S1030,16,Male,7.3,91.6,6.5,76.9,45.8,88.1,Yes,Yes,No,Graduate,Medium,4,2,3.2,30,9,27,95.0,Pass,A+
S1031,15,Female,6.3,100.0,8.6,71.6,81.5,72.8,Yes,Yes,Yes,Postgraduate,Medium,4,3,4.7,30,5,23,80.3,Pass,A
S1032,15,Male,2.2,65.4,5.8,79.3,70.6,73.1,No,Yes,No,High School,Medium,1,1,1.5,10,5,16,66.1,Pass,B
S1033,17,Female,3.1,86.7,4.1,23.7,92.7,42.5,Yes,No,No,Graduate,High,4,4,1.0,20,6,16,40.1,Pass,C
S1034,18,Male,1.3,69.5,8.9,64.3,89.7,53.6,No,Yes,Yes,Postgraduate,Medium,2,4,4.7,10,2,37,52.1,Pass,C
S1035,15,Female,2.6,87.7,10.0,85.7,80.4,66.4,Yes,Yes,No,Graduate,Medium,4,5,2.6,20,1,16,73.2,Pass,A
S1036,18,Female,4.0,80.4,6.5,49.6,67.6,48.5,Yes,Yes,No,High School,Medium,4,2,2.9,20,9,35,58.7,Pass,B
S1037,18,Male,5.3,60.0,4.7,64.7,76.3,70.3,Yes,Yes,No,Postgraduate,High,4,2,0.7,20,2,38,69.4,Pass,B
S1038,16,Male,2.4,93.1,6.6,50.4,71.0,54.7,Yes,Yes,No,High School,High,5,3,2.5,30,5,27,59.2,Pass,B
S1039,17,Female,2.5,74.7,6.7,48.6,73.4,46.1,Yes,No,No,Graduate,Low,3,4,3.5,10,2,23,41.1,Pass,C
S1040,15,Male,0.5,75.6,6.8,51.1,88.5,47.3,Yes,Yes,Yes,Postgraduate,Medium,1,5,4.9,10,2,35,37.2,Fail,F
S1041,18,Female,3.3,69.2,5.7,85.8,63.4,80.4,No,Yes,Yes,High School,Low,4,1,2.3,10,6,40,83.3,Pass,A
S1042,17,Male,1.9,74.1,7.7,87.8,85.3,77.7,Yes,No,No,High School,High,4,2,6.0,30,8,18,75.1,Pass,A
S1043,16,Female,2.7,87.1,7.6,57.6,87.3,68.5,Yes,Yes,No,High School,Medium,1,2,2.5,20,4,40,64.1,Pass,B
S1044,15,Female,2.2,79.7,5.2,89.7,60.6,84.4,Yes,Yes,No,High School,Medium,1,2,2.5,30,1,39,69.8,Pass,B
S1045,18,Male,3.4,85.9,7.8,65.2,91.4,57.3,Yes,Yes,No,High School,Low,2,3,5.8,20,2,18,56.1,Pass,B
S1046,16,Female,0.9,86.3,9.5,83.5,87.4,79.6,No,Yes,No,Graduate,Medium,5,5,3.8,10,1,16,74.7,Pass,A
S1047,18,Male,1.3,97.8,7.2,57.0,81.9,49.4,Yes,Yes,No,High School,Medium,3,1,2.7,60,9,33,57.1,Pass,B
S1048,17,Female,6.7,77.9,6.6,76.6,62.9,88.4,No,Yes,Yes,Graduate,Low,5,5,3.3,10,3,17,81.7,Pass,A
S1049,18,Male,1.6,64.3,6.8,64.8,57.4,59.2,Yes,Yes,Yes,High School,Low,5,4,5.5,10,4,30,56.0,Pass,B
S1050,18,Male,1.9,94.8,7.7,100.0,71.4,77.8,No,Yes,Yes,High School,High,3,4,5.7,10,0,16,83.3,Pass,A
S1051,15,Male,6.3,78.0,4.9,86.2,82.5,73.0,Yes,Yes,Yes,High School,Medium,4,4,2.3,90,4,32,76.3,Pass,A
S1052,16,Male,7.9,95.4,7.2,67.6,65.3,78.1,No,Yes,No,Graduate,Low,2,1,3.4,30,10,21,89.5,Pass,A+
S1053,16,Male,1.7,86.6,6.5,74.1,83.5,53.6,Yes,Yes,No,Graduate,Low,1,4,3.6,30,4,17,64.0,Pass,B
S1054,16,Female,2.9,80.4,9.2,57.8,56.5,65.2,Yes,Yes,Yes,High School,High,2,2,2.0,90,7,16,65.7,Pass,B
S1055,15,Male,4.0,86.2,6.8,59.2,73.8,73.1,No,No,No,Postgraduate,Medium,3,3,3.4,10,2,19,69.7,Pass,B
S1056,17,Female,6.1,100.0,9.0,86.4,82.6,79.6,No,Yes,No,Graduate,Medium,1,4,3.5,90,1,29,83.9,Pass,A
S1057,15,Male,2.0,100.0,5.7,61.0,100.0,59.7,No,Yes,Yes,High School,Medium,2,4,5.2,20,8,16,50.7,Pass,C
S1058,17,Male,3.1,82.8,7.7,68.0,55.2,60.0,Yes,Yes,Yes,Postgraduate,Low,1,2,5.3,30,0,35,50.0,Pass,C
S1059,17,Female,4.7,83.9,7.4,68.8,98.3,66.0,No,Yes,Yes,High School,Low,4,2,3.0,20,4,30,76.4,Pass,A
S1060,18,Female,4.2,94.9,6.0,72.1,81.7,76.3,No,Yes,No,High School,Medium,5,3,3.2,20,3,22,73.4,Pass,A
S1061,17,Male,2.9,71.9,7.2,69.6,78.7,65.2,No,Yes,Yes,Graduate,Low,5,1,4.5,60,0,40,61.2,Pass,B
S1062,16,Male,3.3,86.0,8.5,35.3,78.6,58.3,Yes,No,Yes,High School,Low,2,4,2.6,10,5,32,45.9,Pass,C
S1063,18,Female,1.4,81.7,6.6,68.7,82.2,57.0,No,Yes,Yes,High School,Medium,3,1,4.4,90,10,32,62.0,Pass,B
S1064,16,Female,3.1,85.8,5.0,49.1,74.4,60.8,No,No,No,Graduate,High,5,3,3.4,20,0,19,44.9,Pass,C
S1065,16,Female,3.1,72.0,7.0,42.2,94.4,50.3,No,No,Yes,High School,Medium,3,4,2.0,30,8,33,45.2,Pass,C
S1066,18,Male,3.8,62.9,5.9,65.0,63.0,71.0,Yes,Yes,No,Postgraduate,Medium,2,1,2.1,90,5,29,68.3,Pass,B
S1067,16,Male,2.7,57.1,6.6,63.9,85.1,58.3,Yes,Yes,Yes,Postgraduate,Medium,2,5,5.7,10,7,40,48.9,Pass,C
S1068,15,Female,4.2,68.6,6.9,56.7,61.9,61.3,No,Yes,No,Graduate,Medium,4,2,3.3,60,1,27,59.6,Pass,B
S1069,16,Female,5.0,76.5,5.0,82.0,73.0,78.4,Yes,No,No,Graduate,Medium,3,1,6.0,30,9,32,73.5,Pass,A
S1070,18,Male,3.7,78.5,5.1,45.5,58.5,47.5,No,Yes,No,Graduate,Medium,5,4,2.7,45,0,23,45.8,Pass,C
S1071,15,Male,4.0,100.0,7.6,60.4,87.8,67.9,Yes,Yes,Yes,Postgraduate,Medium,5,3,3.9,10,9,16,81.7,Pass,A
S1072,16,Male,3.6,95.3,6.4,56.5,100.0,64.3,Yes,No,No,High School,Medium,1,4,7.1,30,7,18,54.8,Pass,C
S1073,15,Female,3.5,70.5,4.0,64.3,71.0,68.2,No,Yes,No,High School,High,4,4,1.9,30,3,37,63.5,Pass,B
S1074,17,Male,2.4,86.2,7.9,65.9,73.9,72.5,Yes,Yes,Yes,Graduate,High,2,3,0.7,30,0,34,64.1,Pass,B
S1075,16,Male,4.0,77.1,7.3,51.4,57.4,68.0,Yes,Yes,Yes,Graduate,Low,3,5,5.4,10,6,24,59.9,Pass,B
S1076,16,Male,3.4,78.6,6.1,75.6,71.1,67.9,No,No,No,High School,Medium,2,2,2.3,20,0,33,59.9,Pass,B
S1077,15,Female,6.6,84.2,5.4,75.2,52.4,82.5,No,No,No,Graduate,Low,2,3,3.5,60,6,15,74.8,Pass,A
S1078,17,Male,5.9,89.4,8.0,43.8,64.1,54.6,No,Yes,Yes,High School,Medium,2,1,2.6,10,8,15,63.5,Pass,B
S1079,17,Male,4.1,77.9,7.4,37.4,77.8,49.9,Yes,Yes,Yes,Postgraduate,Low,1,4,3.9,45,2,28,44.2,Pass,C
S1080,18,Male,2.4,94.8,9.9,61.5,99.2,54.9,Yes,Yes,No,High School,Low,4,2,2.1,90,2,31,62.4,Pass,B
S1081,16,Male,1.8,68.3,7.5,56.6,100.0,65.7,No,Yes,No,High School,Medium,1,4,3.2,10,2,39,46.4,Pass,C
S1082,15,Female,5.3,82.1,7.5,68.8,66.8,74.7,Yes,Yes,No,High School,Medium,2,5,4.2,10,2,34,61.1,Pass,B
S1083,18,Male,3.9,100.0,6.8,65.8,100.0,64.7,Yes,Yes,No,High School,High,1,5,2.0,30,1,21,68.2,Pass,B
S1084,17,Male,4.2,84.7,8.0,70.5,80.1,78.3,Yes,Yes,No,High School,Low,1,5,2.4,10,2,36,69.1,Pass,B
S1085,17,Female,0.9,99.2,7.8,71.4,78.5,45.3,Yes,Yes,Yes,High School,Low,2,1,3.0,30,7,27,64.9,Pass,B
S1086,15,Male,4.9,83.1,8.5,52.5,82.4,47.1,No,Yes,No,High School,Medium,5,1,1.4,30,3,36,62.4,Pass,B
S1087,16,Female,4.2,89.0,6.4,49.5,78.6,62.9,No,Yes,No,High School,Low,5,5,2.9,30,8,19,51.8,Pass,C
S1088,18,Female,1.8,81.3,6.5,43.5,77.0,46.9,No,Yes,Yes,High School,Low,2,2,3.7,20,9,15,47.5,Pass,C
S1089,18,Male,2.8,80.0,6.4,67.2,68.9,65.5,Yes,Yes,Yes,High School,High,3,1,2.9,30,8,16,66.6,Pass,B
S1090,16,Female,3.9,72.6,7.9,84.9,51.8,68.4,Yes,Yes,No,High School,Low,5,2,3.1,30,5,40,76.7,Pass,A
S1091,18,Male,3.6,87.2,8.8,58.8,54.0,60.9,Yes,No,No,High School,Low,2,5,3.5,20,3,17,48.8,Pass,C
S1092,18,Female,3.1,71.8,6.4,26.3,82.3,54.1,Yes,Yes,Yes,High School,Medium,5,2,2.5,30,10,39,53.3,Pass,C
S1093,16,Male,3.3,90.0,6.5,38.8,73.8,53.9,Yes,Yes,No,High School,Medium,1,1,4.5,60,2,33,37.0,Fail,F
S1094,18,Female,3.1,95.0,7.4,51.3,70.6,56.3,Yes,No,No,High School,Medium,2,4,5.7,30,5,18,44.4,Pass,C
S1095,16,Female,3.7,86.4,6.7,57.2,77.0,57.3,Yes,Yes,No,Graduate,Medium,2,1,2.8,30,4,37,59.4,Pass,B
S1096,15,Female,5.7,78.6,8.1,65.5,86.5,68.6,No,Yes,No,Postgraduate,High,1,2,4.2,20,8,18,68.6,Pass,B
S1097,17,Male,0.5,87.4,4.3,56.6,79.9,35.6,No,Yes,No,Postgraduate,Low,5,1,3.1,10,6,18,47.5,Pass,C
S1098,17,Male,3.1,78.3,6.0,59.1,64.6,61.6,Yes,No,No,Graduate,Medium,5,4,4.0,20,8,29,62.9,Pass,B
S1099,15,Male,3.8,93.2,6.1,81.6,97.4,81.3,Yes,Yes,Yes,Graduate,Medium,2,3,5.8,10,10,22,80.3,Pass,A
S1100,18,Male,3.9,60.0,4.2,56.1,92.7,49.3,No,No,No,High School,High,5,5,4.3,90,4,22,44.7,Pass,C
S1101,15,Female,2.9,78.0,5.8,50.3,81.8,49.3,No,Yes,No,Graduate,Medium,4,2,0.8,20,9,20,43.6,Pass,C
S1102,18,Male,0.9,58.1,5.9,64.4,83.0,48.2,No,Yes,Yes,Graduate,Medium,5,2,4.2,45,1,30,49.0,Pass,C
S1103,15,Female,4.0,64.1,6.8,43.5,88.9,46.3,Yes,Yes,Yes,Postgraduate,Low,5,1,5.3,10,10,15,52.4,Pass,C
S1104,18,Female,6.1,98.4,8.3,78.6,97.5,80.8,No,Yes,Yes,Postgraduate,Low,3,2,3.2,20,1,21,88.3,Pass,A+
S1105,18,Male,1.2,92.7,6.7,59.6,88.0,39.8,Yes,Yes,No,Graduate,Low,1,3,5.0,20,9,29,49.2,Pass,C
S1106,18,Male,4.8,73.4,5.8,66.7,82.0,73.7,Yes,Yes,No,Graduate,Medium,5,1,2.5,20,4,27,73.3,Pass,A
S1107,17,Female,3.0,64.0,6.9,87.3,78.0,81.7,Yes,No,Yes,Postgraduate,Low,4,3,1.3,45,10,33,82.0,Pass,A
S1108,16,Male,3.4,46.4,8.3,55.4,48.5,56.7,Yes,Yes,No,High School,Medium,5,5,3.7,90,1,20,41.5,Pass,C
S1109,17,Male,1.9,75.5,5.8,91.1,84.2,58.0,Yes,Yes,No,Postgraduate,Low,5,4,0.9,60,5,31,63.6,Pass,B
S1110,16,Female,3.0,100.0,5.9,60.1,60.7,53.1,Yes,Yes,Yes,High School,High,1,4,3.1,10,9,34,52.8,Pass,C
S1111,18,Female,5.5,87.2,7.7,51.8,65.2,71.2,No,Yes,No,Postgraduate,High,3,5,5.4,45,0,25,63.6,Pass,B
S1112,17,Male,4.4,75.3,6.7,68.7,93.1,50.0,Yes,Yes,Yes,Graduate,Low,1,4,0.6,10,2,21,54.2,Pass,C
S1113,16,Male,6.1,87.6,7.8,56.7,89.9,64.9,Yes,Yes,No,High School,Low,1,4,1.6,60,0,29,58.4,Pass,B
S1114,17,Male,5.3,63.3,7.0,59.1,92.3,58.1,Yes,Yes,No,Graduate,Low,5,5,2.0,30,3,30,59.6,Pass,B
S1115,17,Female,4.2,78.4,7.8,73.1,70.4,77.1,Yes,Yes,Yes,High School,High,5,1,3.4,20,4,17,88.8,Pass,A+
S1116,15,Female,6.1,83.2,5.8,81.1,58.7,77.2,Yes,No,No,Graduate,Low,5,5,3.0,10,6,29,82.4,Pass,A
S1117,15,Female,4.2,81.0,7.0,57.8,71.7,65.1,Yes,Yes,No,Graduate,Medium,5,2,5.6,10,2,19,59.5,Pass,B
S1118,15,Female,4.7,91.5,6.7,83.4,80.0,83.1,Yes,Yes,No,Graduate,Medium,4,4,4.9,20,1,29,86.5,Pass,A+
S1119,15,Female,3.1,86.1,5.5,81.2,78.0,85.9,No,Yes,No,Postgraduate,Medium,3,5,4.2,60,1,39,68.8,Pass,B
S1120,16,Male,3.6,90.0,5.1,86.8,95.0,76.5,No,Yes,No,High School,Medium,5,3,3.7,45,10,28,86.7,Pass,A+
S1121,17,Male,2.5,73.7,7.8,69.9,67.7,67.1,Yes,No,Yes,High School,Medium,3,1,4.1,90,10,34,57.5,Pass,B
S1122,17,Female,5.0,92.8,6.6,90.0,84.1,73.6,No,No,No,Graduate,High,4,2,2.2,10,2,23,92.1,Pass,A+
S1123,16,Female,1.7,100.0,5.8,31.4,66.2,47.3,No,No,No,High School,Low,2,3,4.8,30,2,38,26.0,Fail,F
S1124,18,Female,4.7,70.4,6.9,63.8,78.9,62.1,No,Yes,No,Graduate,High,4,5,1.8,20,0,36,59.1,Pass,B
S1125,17,Male,3.2,71.3,8.4,51.1,72.4,51.3,No,Yes,No,High School,Low,5,5,4.8,30,10,38,48.1,Pass,C
S1126,15,Male,5.3,98.0,4.3,72.2,69.2,74.1,No,Yes,No,High School,Medium,4,3,5.3,20,7,34,74.3,Pass,A
S1127,18,Male,4.6,79.7,5.2,59.7,71.4,53.7,No,Yes,Yes,Graduate,High,3,5,3.8,20,8,31,57.4,Pass,B
S1128,17,Male,6.2,98.8,5.9,70.6,77.9,77.6,No,Yes,No,Postgraduate,Medium,1,3,3.2,30,3,28,79.5,Pass,A
S1129,17,Female,4.6,76.7,8.8,96.5,70.0,93.5,Yes,Yes,Yes,High School,Medium,1,3,4.1,10,7,39,90.0,Pass,A+
S1130,17,Female,1.1,99.5,7.3,55.3,100.0,53.5,Yes,No,No,Postgraduate,Low,4,5,0.5,30,0,37,55.1,Pass,B
S1131,17,Male,3.4,83.6,7.9,70.9,74.6,56.6,Yes,Yes,No,Graduate,Medium,4,4,4.0,30,7,25,66.6,Pass,B
S1132,15,Male,1.7,85.1,5.6,56.1,72.9,52.9,Yes,Yes,No,High School,Medium,4,3,3.3,10,6,17,50.1,Pass,C
S1133,17,Female,2.7,100.0,5.7,63.7,49.5,66.5,Yes,Yes,No,Graduate,Medium,5,3,3.4,60,3,15,59.4,Pass,B
S1134,18,Male,5.8,77.7,7.5,72.0,60.9,62.5,Yes,Yes,Yes,Graduate,Medium,3,4,4.6,30,7,21,72.2,Pass,A
S1135,16,Female,4.5,70.7,7.1,74.7,68.3,65.8,No,Yes,No,High School,Medium,5,4,3.4,45,7,16,71.8,Pass,A
S1136,17,Female,2.5,76.6,7.7,79.5,63.7,76.3,No,Yes,No,Graduate,Medium,4,3,1.8,30,4,20,82.9,Pass,A
S1137,15,Male,2.0,87.4,6.8,85.2,97.9,74.0,No,No,No,High School,Low,2,1,3.3,45,2,17,74.3,Pass,A
S1138,16,Male,3.5,63.2,7.3,69.6,67.5,70.1,Yes,Yes,Yes,High School,Medium,5,1,3.6,45,0,40,71.9,Pass,A
S1139,16,Female,1.7,89.6,7.2,68.4,97.2,74.2,Yes,Yes,Yes,Graduate,Low,1,1,3.7,60,10,17,82.1,Pass,A
S1140,18,Female,2.5,75.5,7.9,44.7,74.6,52.6,No,Yes,No,Graduate,High,3,3,3.7,30,3,31,48.0,Pass,C
S1141,15,Male,4.0,95.8,8.0,65.2,80.3,70.7,No,Yes,No,Postgraduate,Medium,5,4,5.1,20,3,24,73.1,Pass,A
S1142,16,Female,5.2,53.3,5.1,84.2,65.7,100.0,No,Yes,No,High School,Low,4,5,1.9,10,7,19,85.6,Pass,A+
S1143,16,Female,4.4,72.6,4.3,80.7,72.8,75.1,No,Yes,Yes,Postgraduate,Medium,5,2,3.8,30,2,33,74.1,Pass,A
S1144,18,Female,0.5,61.8,8.2,59.2,95.3,46.4,No,Yes,No,Graduate,High,1,4,5.4,10,4,40,38.7,Fail,F
S1145,18,Male,4.0,72.1,8.4,79.8,37.8,77.9,Yes,Yes,No,Postgraduate,Low,3,4,0.9,20,7,35,74.7,Pass,A
S1146,15,Female,3.6,85.0,5.8,72.7,46.5,72.5,Yes,Yes,No,Postgraduate,Low,4,1,3.8,10,6,40,74.2,Pass,A
S1147,15,Female,4.1,79.8,4.8,84.8,66.8,74.5,Yes,Yes,Yes,High School,Low,4,2,2.6,30,7,30,79.0,Pass,A
S1148,18,Male,5.9,79.0,7.1,76.5,74.9,71.4,No,Yes,No,Graduate,Low,5,2,2.9,10,0,32,80.1,Pass,A
S1149,15,Male,0.5,80.1,8.1,50.7,85.4,63.1,No,Yes,No,High School,Medium,3,5,2.1,30,4,18,52.1,Pass,C
S1150,18,Female,2.6,84.4,9.2,67.3,83.4,65.5,Yes,Yes,Yes,Postgraduate,High,4,5,3.2,45,5,37,73.5,Pass,A
S1151,16,Male,4.4,69.9,7.6,23.7,66.2,37.3,No,Yes,No,Graduate,Low,3,5,6.3,45,6,34,25.0,Fail,F
S1152,18,Male,1.1,90.5,6.6,63.5,93.4,62.8,Yes,No,No,High School,Medium,5,3,1.6,20,1,21,55.9,Pass,B
S1153,16,Male,5.7,90.0,5.9,20.0,93.5,43.3,Yes,Yes,Yes,Postgraduate,Low,1,3,1.7,30,1,24,45.9,Pass,C
S1154,16,Female,4.1,86.6,7.0,40.9,79.7,50.1,Yes,Yes,Yes,High School,Medium,2,2,1.5,30,8,30,57.2,Pass,B
S1155,17,Female,4.8,88.7,6.6,75.7,92.0,78.8,Yes,Yes,No,Graduate,Medium,1,4,6.1,30,7,15,65.6,Pass,B
S1156,15,Male,2.6,85.6,5.8,69.5,80.8,55.5,No,Yes,Yes,Graduate,Medium,4,1,2.8,30,8,36,66.9,Pass,B
S1157,17,Female,4.7,100.0,9.5,51.2,72.6,62.3,Yes,Yes,Yes,High School,Low,2,2,3.5,20,2,22,64.5,Pass,B
S1158,17,Male,5.1,81.0,9.1,59.1,85.8,79.2,No,No,No,Graduate,Medium,2,1,2.9,90,10,16,75.0,Pass,A
S1159,18,Female,3.8,78.3,8.4,86.5,76.1,81.6,No,Yes,No,Postgraduate,High,5,3,2.1,10,3,23,92.5,Pass,A+
S1160,18,Female,3.9,73.0,5.9,58.9,72.9,59.4,Yes,Yes,Yes,High School,Low,2,2,3.1,45,7,36,58.6,Pass,B
S1161,17,Female,3.9,69.6,8.0,99.8,94.0,83.0,Yes,Yes,Yes,Graduate,Low,1,1,7.2,30,1,22,86.1,Pass,A+
S1162,16,Male,2.2,67.1,7.8,61.1,34.4,55.4,No,Yes,No,High School,Low,1,2,5.6,20,10,29,45.6,Pass,C
S1163,16,Female,3.3,71.3,7.5,70.5,51.1,65.4,Yes,Yes,No,Graduate,Medium,2,5,2.2,45,3,36,55.8,Pass,B
S1164,16,Male,3.3,81.2,8.5,88.7,57.6,75.5,No,Yes,No,High School,Medium,5,3,4.5,10,8,15,79.9,Pass,A
S1165,18,Female,4.1,86.0,7.8,68.8,71.4,75.0,Yes,Yes,No,Postgraduate,Medium,3,5,2.3,45,3,34,70.5,Pass,A
S1166,16,Male,5.0,82.6,7.9,54.5,72.0,50.6,No,Yes,No,Postgraduate,Medium,5,5,0.8,30,8,22,63.9,Pass,B
S1167,15,Male,1.9,72.8,7.8,58.6,50.2,61.9,No,Yes,No,High School,High,2,5,5.0,10,4,33,38.5,Fail,F
S1168,16,Male,3.3,92.8,7.4,63.9,64.1,60.6,Yes,Yes,Yes,High School,High,2,2,5.2,10,0,19,59.2,Pass,B
S1169,15,Female,5.7,90.9,4.9,51.1,65.4,65.4,Yes,Yes,No,Graduate,Low,1,5,5.1,45,2,18,50.5,Pass,C
S1170,15,Male,2.4,80.1,7.1,57.9,100.0,49.1,No,Yes,No,Graduate,Medium,2,5,2.8,20,7,35,50.3,Pass,C
S1171,15,Female,2.3,74.2,6.3,50.3,100.0,61.4,Yes,Yes,Yes,Graduate,Low,3,5,3.2,60,2,36,47.8,Pass,C
S1172,18,Male,3.8,88.6,5.5,79.8,71.4,83.0,Yes,Yes,Yes,High School,Medium,5,2,4.6,45,3,40,81.8,Pass,A
S1173,17,Male,4.8,84.3,9.0,69.4,70.8,77.8,Yes,Yes,No,High School,High,2,2,4.1,30,5,32,69.8,Pass,B
S1174,17,Female,3.5,64.6,9.1,60.8,53.1,51.4,Yes,Yes,Yes,Postgraduate,Medium,4,3,2.9,20,2,27,52.1,Pass,C
S1175,16,Male,5.5,81.2,8.6,69.4,46.7,78.9,No,Yes,Yes,Graduate,High,4,5,1.1,45,1,20,77.0,Pass,A
S1176,17,Female,4.8,85.1,7.3,72.2,74.8,75.6,No,Yes,Yes,Postgraduate,Medium,2,5,3.7,60,6,22,77.3,Pass,A
S1177,15,Female,4.8,71.2,8.6,78.2,57.4,65.1,Yes,Yes,No,Graduate,Medium,5,3,5.1,10,7,31,81.4,Pass,A
S1178,18,Male,4.3,84.3,7.0,52.4,75.0,59.2,No,Yes,No,Postgraduate,Medium,3,1,1.7,20,8,23,68.1,Pass,B
S1179,17,Male,7.0,64.5,7.2,59.9,46.3,74.5,Yes,Yes,No,High School,Low,1,3,4.5,20,10,27,57.8,Pass,B
S1180,18,Male,3.2,98.0,5.7,80.7,69.0,76.9,Yes,Yes,Yes,High School,Low,5,4,4.0,20,1,19,74.8,Pass,A
S1181,15,Female,0.5,97.0,7.5,49.8,82.3,47.6,No,Yes,Yes,Postgraduate,Medium,5,3,4.6,45,4,26,50.9,Pass,C
S1182,16,Female,5.9,79.0,7.1,50.9,80.2,65.3,No,Yes,No,Postgraduate,Low,1,2,4.8,30,2,21,58.7,Pass,B
S1183,17,Male,2.8,86.4,5.4,69.6,83.2,75.5,Yes,Yes,No,High School,High,5,2,2.5,30,9,17,76.3,Pass,A
S1184,16,Male,3.7,53.1,6.9,72.6,47.1,78.2,Yes,No,No,High School,Low,5,1,1.1,20,5,18,65.2,Pass,B
S1185,16,Male,5.5,68.1,6.9,48.0,84.3,40.2,Yes,Yes,Yes,Graduate,Low,5,2,2.7,10,1,28,55.6,Pass,B
S1186,15,Male,1.1,78.5,9.2,61.2,62.5,52.8,No,Yes,Yes,Graduate,Medium,2,4,4.8,20,7,24,53.3,Pass,C
S1187,16,Female,1.6,69.1,8.1,70.3,81.2,60.8,Yes,Yes,Yes,High School,Low,4,2,2.7,60,0,17,63.5,Pass,B
S1188,15,Female,1.1,90.6,7.0,63.4,78.0,44.1,Yes,Yes,No,Postgraduate,High,3,5,2.5,30,3,28,47.3,Pass,C
S1189,16,Male,2.3,100.0,7.3,70.9,60.4,65.1,No,Yes,No,High School,Medium,4,1,0.8,20,7,19,71.1,Pass,A
S1190,17,Female,4.2,67.9,7.1,46.0,66.6,63.9,Yes,Yes,No,Graduate,Low,4,3,6.1,45,5,15,36.9,Fail,F
S1191,17,Male,4.3,72.0,6.8,72.4,78.1,63.7,Yes,Yes,No,High School,Medium,4,3,4.7,10,8,18,65.1,Pass,B
S1192,17,Male,3.9,84.8,5.7,61.7,85.6,66.1,Yes,No,No,High School,Medium,3,5,4.7,20,6,26,54.4,Pass,C
S1193,16,Female,1.4,100.0,6.8,51.5,78.9,43.7,Yes,Yes,No,Graduate,Medium,4,5,5.0,20,9,39,41.6,Pass,C
S1194,18,Female,0.5,67.3,6.1,69.1,94.2,53.3,Yes,Yes,Yes,High School,High,3,3,4.4,90,6,21,51.6,Pass,C
S1195,15,Female,3.6,85.0,5.5,87.5,91.6,88.6,No,No,No,Graduate,Medium,1,4,3.1,45,0,22,74.7,Pass,A
S1196,16,Male,2.8,100.0,7.6,89.8,77.2,73.5,No,Yes,Yes,High School,Medium,1,4,3.3,30,0,21,67.0,Pass,B
S1197,15,Male,4.2,62.2,7.5,86.8,80.9,82.9,No,Yes,No,Postgraduate,Medium,5,3,2.9,10,8,24,87.9,Pass,A+
S1198,16,Male,4.6,66.6,4.9,66.7,100.0,55.7,No,Yes,Yes,Graduate,Medium,5,1,7.5,10,0,33,58.3,Pass,B
S1199,18,Male,3.7,76.9,6.9,70.9,100.0,81.7,Yes,Yes,No,Postgraduate,High,3,3,4.3,30,4,23,76.6,Pass,A
