order_id,customer_id,quantity,unit_price,amount
O2293,C1036,6,2319.37,13916.22
O2283,C1014,3,2507.24,7521.72
O2034,C1039,3,3695.99,11087.97
O2380,C1105,9,3181.29,28631.61
O2430,C1111,7,4656.89,32598.23
O2363,C1109,3,3333.61,10000.83
O2383,C1037,5,774.82,3874.1
O2066,C1047,5,4903.53,24517.65
O2250,C1062,4,3998.89,15995.56
O2031,C1033,9,97.87,880.83
O2400,C1142,9,2760.25,24842.25
O2159,C1060,8,4746.68,37973.44
O2168,C1077,3,897.44,2692.32
O2325,C1137,7,4518.75,31631.25
O2186,C1067,4,4710.35,18841.4
O2307,C1044,6,4740.42,28442.52
O2415,C1128,5,1097.01,5485.05
O2330,C1144,7,1357.48,9502.36
O2047,C1140,4,4207.32,16829.28
O2204,C1005,1,2147.3,2147.3
O2092,C1044,10,758.43,7584.3
O2303,C1140,9,1283.28,11549.52
O2309,C1000,6,344.8,2068.8
O2423,C1133,8,3958.3,31666.4
O2292,C1002,9,4916.42,44247.78
O2382,C1149,7,4051.11,28357.77
O2449,C1055,6,1335.86,8015.16
O2455,C1121,2,564.45,1128.9
O2004,C1092,4,4339.09,17356.36
O2067,C1092,1,4872.76,4872.76
O2110,C1029,2,2287.43,4574.86
O2312,C1057,5,680.37,3401.85
O2244,C1102,6,3523.09,21138.54
O2207,C1137,8,3383.82,27070.56
O2062,C1124,5,2801.17,14005.85
O2355,C1103,10,2547.94,25479.4
O2320,C1067,9,4207.28,37865.52
O2189,C1065,9,3496.05,31464.45
O2179,C1132,10,1626.72,16267.2
O2298,C1101,8,2801.97,22415.76
O2329,C1133,10,3803.97,38039.7
O2436,C1029,8,4831.97,38655.76
O2005,C1093,2,3065.2,6130.4
O2065,C1084,4,1611.96,6447.84
O2324,C1024,1,4211.95,4211.95
O2230,C1080,3,2841.59,8524.77
O2442,C1080,7,1149.36,8045.52
O2289,C1013,8,4336.86,34694.88
O2017,C1141,1,4305.2,4305.2
O2418,C1146,10,3206.23,32062.3
O2294,C1129,3,1222.02,3666.06
O2456,C1099,3,2657.37,7972.11
O2326,C1132,8,905.75,7246.0
O2366,C1123,6,3076.22,18457.32
O2256,C1044,8,3116.08,24928.64
O2201,C1020,1,4152.43,4152.43
O2236,C1090,5,2098.36,10491.8
O2340,C1070,5,3402.12,17010.6
O2275,C1038,2,743.07,1486.14
O2339,C1005,1,1157.66,1157.66
O2128,C1049,3,1317.04,3951.12
O2224,C1123,1,132.79,132.79
O2090,C1017,2,2246.21,4492.42
O2247,C1095,1,2439.72,2439.72
O2142,C1041,8,4376.88,35015.04
O2033,C1010,9,4426.47,39838.23
O2029,C1034,5,3043.91,15219.55
O2107,C1085,10,1118.96,11189.6
O2443,C1108,3,2313.12,6939.36
O2101,C1067,8,173.87,1390.96
O2273,C1033,6,4410.9,26465.4
O2344,C1099,4,3447.27,13789.08
O2404,C1081,3,2849.48,8548.44
O2055,C1017,3,1230.8,3692.4
O2132,C1010,3,4790.73,14372.19
O2270,C1109,6,1289.43,7736.58
O2146,C1035,4,4183.07,16732.28
O2225,C1073,2,2645.71,5291.42
O2406,C1084,2,920.06,1840.12
O2425,C1001,6,2073.78,12442.68
O2009,C1035,3,3970.79,11912.37
O2102,C1056,2,741.9,1483.8
O2172,C1033,2,1373.98,2747.96
O2417,C1105,3,3166.23,9498.69
O2187,C1053,5,653.28,3266.4
O2006,C1041,6,4222.12,25332.72
O2403,C1050,4,545.22,2180.88
O2011,C1087,5,4860.85,24304.25
O2180,C1076,10,1533.96,15339.6
O2208,C1058,2,209.48,418.96
O2338,C1098,4,3404.59,13618.36
O2411,C1037,2,1358.57,2717.14
O2419,C1072,7,3024.15,21169.05
O2427,C1141,5,4943.12,24715.6
O2058,C1077,9,2170.47,19534.23
O2362,C1059,1,4268.63,4268.63
O2078,C1125,3,1682.53,5047.59
O2242,C1140,2,4103.88,8207.76
O2409,C1057,9,498.24,4484.16
O2407,C1035,1,4255.46,4255.46
O2165,C1122,6,3229.58,19377.48
O2117,C1079,4,4244.01,16976.04
O2258,C1125,5,1162.97,5814.85
O2221,C1140,8,2331.1,18648.8
O2376,C1065,4,3598.1,14392.4
O2018,C1124,4,3933.87,15735.48
O2040,C1031,5,2794.34,13971.7
O2257,C1124,7,3439.25,24074.75
O2119,C1068,1,947.96,947.96
O2464,C1032,8,1125.08,9000.64
O2311,C1040,9,3483.12,31348.08
O2277,C1006,7,1512.93,10590.51
O2139,C1086,10,4054.77,40547.7
O2385,C1060,6,4830.87,28985.22
O2173,C1074,10,3619.59,36195.9
O2353,C1088,2,4128.03,8256.06
O2080,C1000,10,3794.39,37943.9
O2046,C1116,8,3082.63,24661.04
O2135,C1024,2,2934.56,5869.12
O2459,C1078,3,1752.23,5256.69
O2093,C1065,3,415.62,1246.86
O2085,C1076,9,2447.49,22027.41
O2375,C1074,3,4118.1,12354.3
O2081,C1052,2,192.9,385.8
O2041,C1097,1,1554.18,1554.18
O2290,C1022,5,3710.9,18554.5
O2354,C1133,8,1828.29,14626.32
O2185,C1134,6,3395.55,20373.3
O2245,C1021,1,2837.94,2837.94
O2431,C1073,8,103.02,824.16
O2173,C1074,10,3619.59,36195.9
O2458,C1116,6,2434.18,14605.08
O2310,C1036,7,2950.78,20655.46
O2106,C1101,4,3226.44,12905.76
O2434,C1017,6,4818.27,28909.62
O2323,C1097,4,4193.54,16774.16
O2197,C1024,4,2261.34,9045.36
O2192,C1082,1,4570.49,4570.49
O2095,C1075,10,4332.08,43320.8
O2122,C1113,2,1452.07,2904.14
O2023,C1142,9,351.74,3165.66
O2013,C1135,6,4399.67,26398.02
O2061,C1071,7,1715.16,12006.12
O2287,C1003,1,2786.68,2786.68
O2039,C1133,2,4746.93,9493.86
O2343,C1014,8,4987.47,39899.76
O2218,C1082,6,2588.44,15530.64
O2342,C1016,5,982.38,4911.9
O2162,C1034,6,3355.81,20134.86
O2098,C1075,9,4571.76,41145.84
O2246,C1084,9,2812.07,25308.63
O2462,C1069,3,1483.5,4450.5
O2358,C1107,3,2123.19,6369.57
O2274,C1034,3,2228.49,6685.47
O2164,C1126,10,4427.02,44270.2
O2249,C1115,6,3257.45,19544.7
O2127,C1102,3,428.08,1284.24
O2082,C1040,2,2334.17,4668.34
O2438,C1056,1,3519.05,3519.05
O2171,C1112,6,3684.29,22105.74
O2027,C1025,2,4402.39,8804.78
O2089,C1101,8,4368.3,34946.4
O2370,C1126,5,299.24,1496.2
O2073,C1008,4,4623.36,18493.44
O2214,C1014,4,1312.23,5248.92
O2161,C1143,5,3485.2,17426.0
O2069,C1122,1,801.05,801.05
O2414,C1132,6,2459.96,14759.76
O2091,C1011,9,2089.66,18806.94
O2422,C1136,1,4490.0,4490.0
O2441,C1027,9,4792.07,43128.63
O2360,C1104,8,1686.49,13491.92
O2125,C1090,2,4317.44,8634.88
O2260,C1010,4,1523.66,6094.64
O2397,C1030,1,3519.37,3519.37
O2059,C1087,8,3551.18,28409.44
O2120,C1017,8,1737.44,13899.52
O2012,C1027,6,3824.43,22946.58
O2368,C1134,10,521.45,5214.5
O2223,C1012,3,95.25,285.75
O2073,C1008,4,4623.36,18493.44
O2213,C1038,4,1538.65,6154.6
O2157,C1113,5,3215.37,16076.85
O2322,C1020,5,501.13,2505.65
O2373,C1130,1,4092.11,4092.11
O2315,C1085,2,3616.05,7232.1
O2388,C1149,3,247.71,743.13
O2361,C1022,9,421.49,3793.41
O2428,C1101,8,3926.39,31411.12
O2328,C1017,8,4589.95,36719.6
O2285,C1109,8,2303.23,18425.84
O2088,C1112,3,420.4,1261.2
O2305,C1081,8,2670.69,21365.52
O2131,C1009,9,1953.19,17578.71
O2124,C1074,7,2686.28,18803.96
O2174,C1131,9,2313.29,20819.61
O2300,C1149,8,4056.03,32448.24
O2191,C1035,8,2413.37,19306.96
O2014,C1014,9,3840.88,34567.92
O2378,C1149,3,562.59,1687.77
O2232,C1087,5,3928.56,19642.8
O2123,C1078,5,4729.35,23646.75
O2138,C1035,9,4183.84,37654.56
O2111,C1133,7,2160.05,15120.35
O2051,C1107,5,2207.39,11036.95
O2112,C1113,10,3183.73,31837.3
O2009,C1035,3,3970.79,11912.37
O2019,C1024,2,350.03,700.06
O2016,C1102,4,366.93,1467.72
O2261,C1089,10,3461.21,34612.1
O2000,C1028,9,480.35,4323.15
O2374,C1121,1,1739.72,1739.72
O2105,C1055,6,2745.11,16470.66
O2334,C1104,3,374.8,1124.4
O2452,C1042,2,441.6,883.2
O2461,C1143,5,442.09,2210.45
O2286,C1145,2,1180.6,2361.2
O2426,C1149,5,4959.4,24797.0
O2070,C1021,10,1167.15,11671.5
O2306,C1040,4,2899.68,11598.72
O2238,C1111,4,3618.45,14473.8
O2271,C1042,2,3533.31,7066.62
O2038,C1111,10,990.89,9908.9
O2150,C1129,6,1305.57,7833.42
O2284,C1066,2,3868.58,7737.16
O2435,C1049,2,2815.22,5630.44
O2163,C1074,4,650.74,2602.96
O2167,C1041,4,3193.53,12774.12
O2233,C1141,10,1512.13,15121.3
O2206,C1107,9,708.3,6374.7
O2188,C1101,5,4778.8,23894.0
O2412,C1132,6,560.96,3365.76
O2450,C1065,10,3266.83,32668.3
O2145,C1057,1,1470.05,1470.05
O2457,C1091,8,718.82,5750.56
O2408,C1148,9,2386.91,21482.19
O2379,C1082,6,4853.93,29123.58
O2331,C1121,7,241.97,1693.79
O2345,C1091,2,2380.37,4760.74
O2042,C1082,3,3311.31,9933.93
O2160,C1146,1,3691.59,3691.59
O2386,C1051,10,1022.52,10225.2
O2267,C1023,9,2018.69,18168.21
O2291,C1126,7,168.36,1178.52
O2272,C1122,6,4094.69,24568.14
O2072,C1054,1,2072.16,2072.16
O2314,C1036,2,4117.23,8234.46
O2175,C1012,1,4243.5,4243.5
O2444,C1080,2,1660.91,3321.82
O2341,C1026,10,3064.8,30648.0
O2229,C1145,5,4501.59,22507.95
O2350,C1045,3,2902.58,8707.74
O2268,C1126,10,4269.49,42694.9
O2401,C1088,3,1142.9,3428.7
O2147,C1135,4,2128.14,8512.56
O2466,C1120,4,1954.75,7819.0
O2228,C1111,1,1187.34,1187.34
O2100,C1101,9,661.76,5955.84
O2437,C1086,2,1326.21,2652.42
O2053,C1006,7,1670.4,11692.8
O2227,C1020,1,3201.9,3201.9
O2446,C1093,4,4080.24,16320.96
O2077,C1005,8,4584.56,36676.48
O2154,C1012,7,3729.37,26105.59
O2251,C1110,7,1974.74,13823.18
O2158,C1103,10,3406.54,34065.4
O2044,C1018,7,2497.17,17480.19
O2113,C1135,9,3618.16,32563.44
O2304,C1004,10,2536.85,25368.5
O2211,C1060,5,351.74,1758.7
O2108,C1037,5,4002.64,20013.2
O2169,C1086,10,1360.05,13600.5
O2079,C1102,6,623.81,3742.86
O2451,C1072,10,1468.29,14682.9
O2084,C1130,9,1372.5,12352.5
O2008,C1117,10,2170.75,21707.5
O2032,C1038,3,257.05,771.15
O2099,C1123,3,3783.05,11349.15
O2416,C1030,8,2421.15,19369.2
O2392,C1062,9,3633.68,32703.12
O2222,C1035,9,217.43,1956.87
O2028,C1139,9,1531.92,13787.28
O2447,C1142,1,924.21,924.21
O2055,C1017,3,1230.8,3692.4
O2454,C1042,2,1092.33,2184.66
O2372,C1004,2,3969.33,7938.66
O2048,C1124,6,1632.56,9795.36
O2394,C1024,4,4331.51,17326.04
O2347,C1084,10,2922.55,29225.5
O2033,C1010,9,4426.47,39838.23
O2035,C1063,8,1151.05,9208.4
O2063,C1061,8,2268.46,18147.68
O2295,C1100,3,3910.69,11732.07
O2234,C1068,6,1835.47,11012.82
O2063,C1061,8,2268.46,18147.68
O2045,C1001,8,298.58,2388.64
O2177,C1115,2,1999.82,3999.64
O2219,C1120,10,4327.22,43272.2
O2364,C1112,2,2033.85,4067.7
O2296,C1042,4,2286.99,9147.96
O2021,C1140,4,873.24,3492.96
O2248,C1021,8,1774.09,14192.72
O2199,C1128,4,1134.69,4538.76
O2137,C1134,4,1741.58,6966.32
O2024,C1122,10,386.41,3864.1
O2184,C1128,9,1076.34,9687.06
O2205,C1015,3,3856.41,11569.23
O2134,C1093,1,3956.67,3956.67
O2299,C1026,7,1892.59,13248.13
O2116,C1015,7,4347.06,30429.42
O2212,C1044,7,3939.73,27578.11
O2432,C1132,4,3095.19,12380.76
O2410,C1061,3,936.77,2810.31
O2318,C1096,10,4471.47,44714.7
O2231,C1138,6,315.8,1894.8
O2217,C1048,10,3533.65,35336.5
O2056,C1055,2,3900.07,7800.14
O2377,C1031,1,2675.3,2675.3
O2351,C1022,7,73.11,511.77
O2349,C1087,3,3905.76,11717.28
O2181,C1028,5,4837.0,24185.0
O2097,C1035,8,215.15,1721.2
O2114,C1058,6,2162.48,12974.88
O2278,C1061,1,4935.07,4935.07
O2118,C1029,10,3087.19,30871.9
O2359,C1030,5,4165.92,20829.6
O2170,C1007,7,1522.3,10656.1
O2453,C1074,6,3752.08,22512.48
O2054,C1097,9,307.82,2770.38
O2176,C1093,4,1844.49,7377.96
O2327,C1049,3,4178.84,12536.52
O2194,C1145,9,2645.38,23808.42
O2198,C1149,1,3355.54,3355.54
O2182,C1147,10,3884.3,38843.0
O2463,C1069,9,159.55,1435.95
O2103,C1126,6,3368.91,20213.46
O2220,C1141,6,1188.59,7131.54
O2130,C1080,1,1792.11,1792.11
O2338,C1098,4,3404.59,13618.36
O2346,C1143,4,1808.65,7234.6
O2060,C1069,5,1645.41,8227.05
O2094,C1076,8,577.93,4623.44
O2193,C1045,5,4389.88,21949.4
O2140,C1105,8,1208.31,9666.48
O2148,C1028,3,1491.8,4475.4
O2202,C1137,4,3598.74,14394.96
O2152,C1044,8,233.07,1864.56
O2337,C1114,5,3757.36,18786.8
O2389,C1077,3,2627.0,7881.0
O2010,C1097,2,3424.47,6848.94
O2269,C1012,3,2234.37,6703.11
O2096,C1127,4,3123.41,12493.64
O2210,C1138,6,2908.5,17451.0
O2240,C1034,3,4824.64,14473.92
O2057,C1148,2,2980.88,5961.76
O2301,C1084,7,2505.83,17540.81
O2365,C1098,1,4908.77,4908.77
O2036,C1078,5,4328.55,21642.75
O2429,C1130,1,4031.63,4031.63
O2020,C1027,5,2340.01,11700.05
O2421,C1004,2,928.24,1856.48
O2332,C1060,5,1589.2,7946.0
O2075,C1145,5,2527.34,12636.7
O2200,C1095,4,3821.21,15284.84
O2077,C1005,8,4584.56,36676.48
O2263,C1074,2,721.17,1442.34
O2227,C1020,1,3201.9,3201.9
O2149,C1090,2,4769.35,9538.7
O2420,C1046,10,390.77,3907.7
O2002,C1001,6,555.94,3335.64
O2052,C1086,9,183.48,1651.32
O2262,C1109,6,2684.79,16108.74
O2253,C1135,6,1792.33,10753.98
O2259,C1144,9,4125.25,37127.25
O2333,C1025,7,3044.65,21312.55
O2369,C1088,1,3234.82,3234.82
O2321,C1109,2,177.39,354.78
O2183,C1062,6,2122.96,12737.76
O2151,C1017,6,710.38,4262.28
O2433,C1000,7,2056.98,14398.86
O2302,C1090,10,3104.04,31040.4
O2190,C1061,1,545.98,545.98
O2074,C1050,3,403.48,1210.44
O2348,C1049,1,4360.7,4360.7
O2243,C1127,7,416.13,2912.91
O2462,C1069,3,1483.5,4450.5
O2087,C1121,3,2536.34,7609.02
O2239,C1117,6,2229.1,13374.6
O2143,C1132,9,779.38,7014.42
O2399,C1100,6,4789.09,28734.54
O2266,C1131,6,2930.68,17584.08
O2288,C1107,2,2879.1,5758.2
O2136,C1100,6,4075.26,24451.56
O2166,C1088,1,4165.38,4165.38
O2083,C1127,4,2311.09,9244.36
O2424,C1147,10,4389.99,43899.9
O2155,C1047,2,3649.05,7298.1
O2356,C1009,2,3285.16,6570.32
O2381,C1074,6,3566.25,21397.5
O2279,C1145,10,384.29,3842.9
O2126,C1106,6,486.24,2917.44
O2195,C1129,8,3259.01,26072.08
O2265,C1125,2,3186.46,6372.92
O2440,C1048,4,4182.96,16731.84
O2104,C1107,7,4698.31,32888.17
O2153,C1010,1,3778.79,3778.79
O2282,C1016,2,4626.91,9253.82
O2391,C1135,6,2256.05,13536.3
O2226,C1064,8,2846.76,22774.08
O2367,C1033,5,3292.12,16460.6
O2025,C1145,10,2847.87,28478.7
O2196,C1086,7,4143.6,29005.2
O2064,C1075,9,2678.06,24102.54
O2015,C1140,9,3788.56,34097.04
O2297,C1023,6,784.2,4705.2
O2371,C1103,8,2262.99,18103.92
O2109,C1033,3,1363.57,4090.71
O2336,C1050,2,3421.81,6843.62
O2308,C1048,1,1201.49,1201.49
O2026,C1080,2,96.11,192.22
O2076,C1010,4,4811.46,19245.84
O2043,C1085,1,1261.97,1261.97
O2280,C1015,7,458.02,3206.14
O2003,C1088,7,440.06,3080.42
O2439,C1102,6,1131.9,6791.4
O2049,C1059,9,2356.33,21206.97
O2405,C1109,7,1419.57,9936.99
O2387,C1114,1,2171.11,2171.11
O2465,C1127,3,327.39,982.17
O2030,C1067,7,4155.27,29086.89
O2121,C1145,2,1396.91,2793.82
O2115,C1039,2,3735.72,7471.44
O2445,C1140,8,2148.52,17188.16
O2216,C1048,6,1550.78,9304.68
O2264,C1015,6,4150.98,24905.88
O2209,C1004,1,1261.43,1261.43
O2316,C1107,2,4152.59,8305.18
O2384,C1052,9,4330.97,38978.73
O2001,C1055,9,2126.62,19139.58
O2313,C1146,10,1143.43,11434.3
O2022,C1102,8,1461.98,11695.84
O2317,C1057,6,1342.58,8055.48
O2319,C1042,7,3501.12,24507.84
O2007,C1008,6,1102.5,6615.0
O2208,C1058,2,209.48,418.96
O2141,C1120,5,3901.71,19508.55
O2086,C1096,4,4287.26,17149.04
O2352,C1003,1,3152.1,3152.1
O2241,C1125,10,1039.01,10390.1
O2215,C1115,7,3384.68,23692.76
O2068,C1032,8,2230.32,17842.56
O2050,C1099,1,4716.57,4716.57
O2398,C1027,1,2396.24,2396.24
O2413,C1070,7,1858.22,13007.54
O2156,C1046,5,2257.28,11286.4
O2252,C1016,4,2314.87,9259.48
O2395,C1137,6,237.54,1425.24
O2402,C1046,9,412.07,3708.63
O2357,C1029,3,1067.2,3201.6
O2254,C1076,4,1561.63,6246.52
O2276,C1089,4,2789.31,11157.24
O2178,C1093,1,242.62,242.62
O2281,C1071,6,1984.12,11904.72
O2390,C1139,6,1835.95,11015.7
O2237,C1143,5,1540.6,7703.0
O2071,C1113,10,4802.54,48025.4
O2460,C1125,4,3994.0,15976.0
