customer_id,customer_name,age,state,city,order_id,quantity,unit_price,salary,amount
C1036,Nikhil Gupta,32.0, Telangana ,Coimbatore,O2293,6,2319.37,75980.92,13916.22
C1014,Ishaan Iyer,63.0,Karnataka  ,Kochi,O2283,3,2507.24,69308.4,7521.72
C1039,Divya Rao,69.0, Karnataka ,Kochi,O2034,3,3695.99,112735.67,11087.97
C1105,Kavya Patel,62.0,telangana,Coimbatore,O2380,9,3181.29,80537.6,28631.61
C1111,Aditya Pillai,41.0, TAMIL NADU ,Kochi,O2430,7,4656.89,83898.4,32598.23
C1109,Rahul Kumar,66.0,Kerala,Pune,O2363,3,3333.61,52540.38,10000.83
C1037,Vivaan Menon,66.0,karnataka,Trivandrum,O2383,5,774.82,97357.53,3874.1
C1047,Reyansh Reddy,35.0, RAJASTHAN ,Jaipur,O2066,5,4903.53,46105.88,24517.65
C1062,Anika Iyer,39.0, Telangana ,Kolkata,O2250,4,3998.89,34570.63,15995.56
C1033,Rohan Gupta,46.0,Telangana  ,Ludhiana,O2031,9,97.87,107726.17,880.83
C1142,Arjun Kumar,, RAJASTHAN ,Ludhiana,O2400,9,2760.25,37055.55,24842.25
C1060,Amit Das,54.0, KERALA ,Bengaluru,O2159,8,4746.68,95123.87,37973.44
C1077,Kavya Shah,59.0, KARNATAKA ,Jaipur,O2168,3,897.44,109710.09,2692.32
C1137,Karan Joshi,33.0,west bengal,Chennai,O2325,7,4518.75,67720.65,31631.25
C1067,Kavya Joshi,33.0, DELHI ,Delhi,O2186,4,4710.35,95973.3,18841.4
C1044,Sai Rao,69.0, GUJARAT ,Kochi,O2307,6,4740.42,74126.43,28442.52
C1128,Priya Sharma,32.0, TAMIL NADU ,Trivandrum,O2415,5,1097.01,53033.41,5485.05
C1144,Amit Kumar,73.0,telangana,Noida,O2330,7,1357.48,75062.44,9502.36
C1140,Myra Iyer,48.0,west bengal,Mysuru,O2047,4,4207.32,96655.86,16829.28
C1005,Saanvi Gupta,65.0, MAHARASHTRA ,Chennai,O2204,1,2147.3,71822.17,2147.3
C1044,Aditya Yadav,57.0, Maharashtra ,Noida,O2092,10,758.43,41667.62,7584.3
C1140,Pari Menon,42.0, Karnataka ,Mumbai,O2303,9,1283.28,72083.95,11549.52
C1000,Ananya Yadav,26.0,Gujarat  ,Bengaluru,O2309,6,344.8,88993.12,2068.8
C1133,Aadhya Das,62.0, Telangana ,Mumbai,O2423,8,3958.3,76850.05,31666.4
C1002,Ananya Nair,42.0,Delhi,Mumbai,O2292,9,4916.42,115924.43,44247.78
C1149,Riya Chatterjee,75.0,telangana,Noida,O2382,7,4051.11,17653.57,28357.77
C1055,Pooja Gupta,58.0, Tamil Nadu ,Coimbatore,O2449,6,1335.86,73536.61,8015.16
C1121,Navya Menon,, PUNJAB ,Mysuru,O2455,2,564.45,23852.68,1128.9
C1092,Riya Reddy,20.0,maharashtra,Chennai,O2004,4,4339.09,62608.08,17356.36
C1092,Sai Singh,,TELANGANA,Delhi,O2067,1,4872.76,88228.83,4872.76
C1029,Rahul Pillai,67.0, GUJARAT ,Jaipur,O2110,2,2287.43,79586.22,4574.86
C1057,Karan Verma,42.0,Delhi  ,Coimbatore,O2312,5,680.37,114622.75,3401.85
C1102,Navya Patel,73.0, PUNJAB ,Kochi,O2244,6,3523.09,77351.09,21138.54
C1137,Saanvi Patel,32.0,Kerala,Delhi,O2207,8,3383.82,70853.03,27070.56
C1124,Reyansh Das,39.0, DELHI ,Coimbatore,O2062,5,2801.17,35060.92,14005.85
C1103,Aarav Rao,26.0,Maharashtra  ,Kochi,O2355,10,2547.94,89666.56,25479.4
C1067,Karan Singh,24.0, Kerala ,Jaipur,O2320,9,4207.28,52887.04,37865.52
C1065,Rahul Joshi,70.0,telangana,Noida,O2189,9,3496.05,79646.09,31464.45
C1132,Myra Sharma,50.0,karnataka,Noida,O2179,10,1626.72,79732.55,16267.2
C1101,Anika Menon,34.0,Karnataka,Ludhiana,O2298,8,2801.97,24946.15,22415.76
C1133,Sneha Chatterjee,27.0, KARNATAKA ,Jaipur,O2329,10,3803.97,112117.46,38039.7
C1029,Sneha Patel,74.0, TELANGANA ,Delhi,O2436,8,4831.97,95846.56,38655.76
C1093,Sai Das,60.0,Delhi  ,Noida,O2005,2,3065.2,91558.31,6130.4
C1084,Diya Mukherjee,34.0,Maharashtra,Coimbatore,O2065,4,1611.96,114842.14,6447.84
C1024,Aditya Das,44.0,RAJASTHAN,Hyderabad,O2324,1,4211.95,58956.37,4211.95
C1080,Aarav Reddy,66.0,Punjab,Delhi,O2230,3,2841.59,104191.45,8524.77
C1080,Pari Verma,49.0, KARNATAKA ,Delhi,O2442,7,1149.36,20685.56,8045.52
C1013,Sai Rao,20.0,Punjab,Noida,O2289,8,4336.86,47623.27,34694.88
C1141,Ayaan Verma,22.0,KERALA,Chennai,O2017,1,4305.2,39990.49,4305.2
C1146,Arjun Menon,29.0, Telangana ,Jaipur,O2418,10,3206.23,91437.3,32062.3
C1129,Arjun Bose,-19.0, Kerala ,Trivandrum,O2294,3,1222.02,48075.94,3666.06
C1099,Ishaan Rao,36.0,West Bengal  ,Bengaluru,O2456,3,2657.37,18691.27,7972.11
C1132,Sneha Verma,57.0,Karnataka,Mysuru,O2326,8,905.75,117077.31,7246.0
C1123,Sneha Verma,29.0, Rajasthan ,Mysuru,O2366,6,3076.22,107394.78,18457.32
C1044,Navya Iyer,26.0,karnataka,Pune,O2256,8,3116.08,114943.4,24928.64
C1020,Anika Mukherjee,41.0, TAMIL NADU ,Chennai,O2201,1,4152.43,36226.46,4152.43
C1090,Navya Pillai,68.0, Gujarat ,Kochi,O2236,5,2098.36,91108.6,10491.8
C1070,Aadhya Bose,47.0,DELHI,Kolkata,O2340,5,3402.12,56701.02,17010.6
C1038,Divya Chatterjee,46.0,Maharashtra,Noida,O2275,2,743.07,91650.96,1486.14
C1005,Neha Nair,26.0, KARNATAKA ,Mysuru,O2339,1,1157.66,114015.52,1157.66
C1049,Priya Das,70.0,KARNATAKA,Chennai,O2128,3,1317.04,31051.33,3951.12
C1123,Karan Joshi,, TELANGANA ,Ludhiana,O2224,1,132.79,71252.5,132.79
C1017,Ayaan Singh,65.0, Tamil Nadu ,Chennai,O2090,2,2246.21,109859.53,4492.42
C1095,Saanvi Mukherjee,55.0,TELANGANA,Ahmedabad,O2247,1,2439.72,111657.49,2439.72
C1041,Pooja Reddy,26.0,Delhi,Trivandrum,O2142,8,4376.88,25771.92,35015.04
C1010,Priya Das,33.0,tamil nadu,Mysuru,O2033,9,4426.47,80169.46,39838.23
C1034,Krishna Kumar,65.0,TELANGANA,Delhi,O2029,5,3043.91,36377.72,15219.55
C1085,Ayaan Sharma,31.0, TAMIL NADU ,Mumbai,O2107,10,1118.96,49498.75,11189.6
C1108,Pari Shah,, Gujarat ,Pune,O2443,3,2313.12,69411.54,6939.36
C1067,Riya Bose,41.0,Tamil Nadu  ,Mumbai,O2101,8,173.87,73947.78,1390.96
C1033,Pari Pillai,23.0,Tamil Nadu,Ahmedabad,O2273,6,4410.9,96213.35,26465.4
C1099,Rahul Menon,54.0,maharashtra,Coimbatore,O2344,4,3447.27,64952.2,13789.08
C1081,Pari Mukherjee,60.0,Delhi  ,Jaipur,O2404,3,2849.48,48214.98,8548.44
C1017,Amit Menon,33.0,Maharashtra,Jaipur,O2055,3,1230.8,27010.89,3692.4
C1010,Myra Verma,38.0, Rajasthan ,Hyderabad,O2132,3,4790.73,100151.52,14372.19
C1109,Reyansh Sharma,37.0,karnataka,Chennai,O2270,6,1289.43,109899.03,7736.58
C1035,Amit Joshi,18.0,Tamil Nadu,Delhi,O2146,4,4183.07,91359.65,16732.28
C1073,Aarav Patel,61.0,PUNJAB,Chennai,O2225,2,2645.71,80076.99,5291.42
C1084,Priya Joshi,40.0, Delhi ,Hyderabad,O2406,2,920.06,103388.26,1840.12
C1001,Riya Patel,18.0,Punjab  ,Mumbai,O2425,6,2073.78,59737.52,12442.68
C1035,Anika Joshi,21.0,TAMIL NADU,Trivandrum,O2009,3,3970.79,21670.41,11912.37
C1056,Rohan Pillai,47.0,Delhi  ,Ludhiana,O2102,2,741.9,46958.28,1483.8
C1033,Amit Das,24.0,GUJARAT,Kolkata,O2172,2,1373.98,25165.22,2747.96
C1105,Aarav Rao,, RAJASTHAN ,Bengaluru,O2417,3,3166.23,,9498.69
C1053,Nikhil Joshi,40.0,Telangana  ,Delhi,O2187,5,653.28,54867.89,3266.4
C1041,Myra Bose,58.0,TELANGANA,Trivandrum,O2006,6,4222.12,39050.05,25332.72
C1050,Rahul Verma,39.0,GUJARAT,Trivandrum,O2403,4,545.22,109512.45,2180.88
C1087,Vihaan Singh,47.0,Kerala  ,Noida,O2011,5,4860.85,68306.58,24304.25
C1076,Riya Varma,50.0, Telangana ,Coimbatore,O2180,10,1533.96,53677.57,15339.6
C1058,Ayaan Mukherjee,35.0,Maharashtra  ,Mysuru,O2208,2,209.48,79566.94,418.96
C1098,Vivaan Iyer,67.0,MAHARASHTRA,Trivandrum,O2338,4,3404.59,57998.26,13618.36
C1037,Rahul Joshi,20.0, Maharashtra ,Mumbai,O2411,2,1358.57,85201.49,2717.14
C1072,Aditya Reddy,48.0,WEST BENGAL,Mumbai,O2419,7,3024.15,101147.58,21169.05
C1141,Sneha Shah,41.0, TELANGANA ,Kolkata,O2427,5,4943.12,96290.42,24715.6
C1077,Neha Yadav,68.0,Rajasthan,Ahmedabad,O2058,9,2170.47,68125.88,19534.23
C1059,Myra Singh,21.0,TAMIL NADU,Pune,O2362,1,4268.63,86060.49,4268.63
C1125,Aditya Joshi,39.0,Gujarat  ,Chennai,O2078,3,1682.53,45262.87,5047.59
C1140,Aarav Mukherjee,31.0,west bengal,Pune,O2242,2,4103.88,57959.87,8207.76
C1057,Priya Verma,36.0, Karnataka ,Hyderabad,O2409,9,498.24,16112.13,4484.16
C1035,Priya Shah,64.0,Tamil Nadu  ,Chennai,O2407,1,4255.46,100327.45,4255.46
C1122,Anika Chatterjee,70.0,Rajasthan,Bengaluru,O2165,6,3229.58,86411.44,19377.48
C1079,Diya Kumar,31.0,Karnataka  ,Kolkata,O2117,4,4244.01,73407.87,16976.04
C1125,Sai Pillai,68.0,maharashtra,Kochi,O2258,5,1162.97,96977.72,5814.85
C1140,Rohan Varma,70.0,West Bengal  ,Trivandrum,O2221,8,2331.1,51978.5,18648.8
C1065,Kavya Reddy,72.0,PUNJAB,Kolkata,O2376,4,3598.1,58519.39,14392.4
C1124,Reyansh Shah,74.0, RAJASTHAN ,Kolkata,O2018,4,3933.87,34993.04,15735.48
C1031,Rahul Singh,60.0,punjab,Ludhiana,O2040,5,2794.34,84817.59,13971.7
C1124,Arjun Reddy,53.0,Telangana  ,Kolkata,O2257,7,3439.25,103188.64,24074.75
C1068,Aarav Iyer,66.0,delhi,Ahmedabad,O2119,1,947.96,84021.19,947.96
C1032,Nikhil Mukherjee,32.0,TAMIL NADU,Kochi,O2464,8,1125.08,97501.16,9000.64
C1040,Rahul Chatterjee,49.0,GUJARAT,Coimbatore,O2311,9,3483.12,97634.14,31348.08
C1006,Neha Singh,56.0,TELANGANA,Coimbatore,O2277,7,1512.93,859165.02,10590.51
C1086,Priya Yadav,42.0,KARNATAKA,Bengaluru,O2139,10,4054.77,60955.71,40547.7
C1060,Anika Singh,21.0, Punjab ,Ludhiana,O2385,6,4830.87,797467.99,28985.22
C1074,Saanvi Yadav,73.0,karnataka,Noida,O2173,10,3619.59,31730.95,36195.9
C1088,Ishaan Sharma,50.0,rajasthan,Bengaluru,O2353,2,4128.03,45536.92,8256.06
C1000,Karan Shah,21.0, MAHARASHTRA ,Ahmedabad,O2080,10,3794.39,94799.01,37943.9
C1116,Arjun Mukherjee,53.0,rajasthan,Mysuru,O2046,8,3082.63,68001.71,24661.04
C1024,Navya Bose,64.0,RAJASTHAN,Ahmedabad,O2135,2,2934.56,51731.18,5869.12
C1078,Diya Chatterjee,37.0,Kerala,Hyderabad,O2459,3,1752.23,15873.3,5256.69
C1065,Karan Nair,47.0,Delhi  ,Hyderabad,O2093,3,415.62,118703.43,1246.86
C1076,Pooja Verma,60.0,WEST BENGAL,Kolkata,O2085,9,2447.49,95101.63,22027.41
C1074,Navya Patel,24.0,KERALA,Kolkata,O2375,3,4118.1,57967.13,12354.3
C1052,Krishna Shah,36.0,West Bengal  ,Kolkata,O2081,2,192.9,98927.94,385.8
C1097,Karan Iyer,37.0, PUNJAB ,Pune,O2041,1,1554.18,97504.68,1554.18
C1022,Navya Mukherjee,,maharashtra,Jaipur,O2290,5,3710.9,53668.73,18554.5
C1133,Kavya Patel,74.0,karnataka,Noida,O2354,8,1828.29,114548.86,14626.32
C1134,Saanvi Varma,47.0,telangana,Hyderabad,O2185,6,3395.55,86478.32,20373.3
C1021,Vihaan Rao,40.0,Karnataka  ,Jaipur,O2245,1,2837.94,82908.08,2837.94
C1073,Nikhil Yadav,-25.0,Karnataka  ,Kolkata,O2431,8,103.02,112729.64,824.16
C1074,Saanvi Yadav,73.0,karnataka,Noida,O2173,10,3619.59,31730.95,36195.9
C1116,Rohan Verma,58.0,telangana,Noida,O2458,6,2434.18,24403.17,14605.08
C1036,Amit Kumar,73.0,Gujarat,Ahmedabad,O2310,7,2950.78,48873.34,20655.46
C1101,Krishna Reddy,72.0,West Bengal,Trivandrum,O2106,4,3226.44,17242.53,12905.76
C1017,Divya Pillai,64.0, TELANGANA ,Ahmedabad,O2434,6,4818.27,78668.16,28909.62
C1097,Diya Iyer,34.0, West Bengal ,Delhi,O2323,4,4193.54,30868.72,16774.16
C1024,Sai Sharma,33.0,kerala,Ludhiana,O2197,4,2261.34,49610.66,9045.36
C1082,Ishaan Menon,23.0,RAJASTHAN,Hyderabad,O2192,1,4570.49,107635.72,4570.49
C1075,Nikhil Singh,,punjab,Kochi,O2095,10,4332.08,117228.3,43320.8
C1113,Aadhya Gupta,50.0,tamil nadu,Ludhiana,O2122,2,1452.07,66096.44,2904.14
C1142,Karan Joshi,36.0,Maharashtra,Jaipur,O2023,9,351.74,20264.95,3165.66
C1135,Divya Nair,49.0,Kerala,Noida,O2013,6,4399.67,47288.98,26398.02
C1071,Priya Mukherjee,47.0, RAJASTHAN ,Trivandrum,O2061,7,1715.16,49126.49,12006.12
C1003,Ayaan Menon,42.0,KARNATAKA,Noida,O2287,1,2786.68,92769.91,2786.68
C1133,Divya Shah,65.0,maharashtra,Ludhiana,O2039,2,4746.93,80431.32,9493.86
C1014,Sneha Yadav,38.0,Karnataka  ,Kochi,O2343,8,4987.47,58949.4,39899.76
C1082,Amit Singh,52.0,gujarat,Delhi,O2218,6,2588.44,25353.86,15530.64
C1016,Ananya Gupta,73.0,delhi,Trivandrum,O2342,5,982.38,40231.72,4911.9
C1034,Neha Pillai,75.0,West Bengal,Mysuru,O2162,6,3355.81,72749.7,20134.86
C1075,Ananya Chatterjee,26.0,telangana,Hyderabad,O2098,9,4571.76,41981.86,41145.84
C1084,Sneha Chatterjee,24.0,DELHI,Hyderabad,O2246,9,2812.07,38208.33,25308.63
C1069,Ishaan Shah,44.0,Maharashtra,Bengaluru,O2462,3,1483.5,79861.59,4450.5
C1107,Karan Kumar,35.0, RAJASTHAN ,Coimbatore,O2358,3,2123.19,68716.4,6369.57
C1034,Rohan Sharma,-19.0, KERALA ,Trivandrum,O2274,3,2228.49,80948.4,6685.47
C1126,Aarav Das,41.0, WEST BENGAL ,Bengaluru,O2164,10,4427.02,56806.8,44270.2
C1115,Ananya Pillai,69.0,Tamil Nadu,Pune,O2249,6,3257.45,32257.18,19544.7
C1102,Anika Pillai,37.0,GUJARAT,Ahmedabad,O2127,3,428.08,70713.51,1284.24
C1040,Ishaan Shah,,Punjab,Mumbai,O2082,2,2334.17,102375.03,4668.34
C1056,Karan Rao,44.0, GUJARAT ,Hyderabad,O2438,1,3519.05,45165.41,3519.05
C1112,Aadhya Joshi,39.0,RAJASTHAN,Ahmedabad,O2171,6,3684.29,117414.28,22105.74
C1025,Aditya Shah,34.0,karnataka,Noida,O2027,2,4402.39,31563.42,8804.78
C1101,Rohan Pillai,72.0, Telangana ,Ahmedabad,O2089,8,4368.3,,34946.4
C1126,Neha Iyer,-16.0,GUJARAT,Ahmedabad,O2370,5,299.24,82548.32,1496.2
C1008,Ayaan Singh,62.0,West Bengal,Trivandrum,O2073,4,4623.36,80631.09,18493.44
C1014,Navya Chatterjee,53.0,TELANGANA,Ludhiana,O2214,4,1312.23,23302.4,5248.92
C1143,Vihaan Gupta,63.0,WEST BENGAL,Jaipur,O2161,5,3485.2,36018.73,17426.0
C1122,Vihaan Pillai,22.0,Rajasthan  ,Trivandrum,O2069,1,801.05,114658.19,801.05
C1132,Krishna Bose,32.0, Telangana ,Ahmedabad,O2414,6,2459.96,78442.15,14759.76
C1011,Ananya Menon,41.0,PUNJAB,Mumbai,O2091,9,2089.66,33905.97,18806.94
C1136,Anika Kumar,60.0, KARNATAKA ,Hyderabad,O2422,1,4490.0,83169.33,4490.0
C1027,Vihaan Pillai,60.0, WEST BENGAL ,Kochi,O2441,9,4792.07,53975.64,43128.63
C1104,Ishaan Iyer,,WEST BENGAL,Coimbatore,O2360,8,1686.49,,13491.92
C1090,Aditya Bose,20.0,Punjab,Kolkata,O2125,2,4317.44,75206.97,8634.88
C1010,Amit Mukherjee,45.0,Tamil Nadu  ,Pune,O2260,4,1523.66,62221.9,6094.64
C1030,Navya Nair,57.0,Tamil Nadu  ,Jaipur,O2397,1,3519.37,112445.01,3519.37
C1087,Aarav Chatterjee,24.0,punjab,Trivandrum,O2059,8,3551.18,92048.51,28409.44
C1017,Arjun Nair,51.0, Maharashtra ,Ludhiana,O2120,8,1737.44,90767.58,13899.52
C1027,Neha Singh,50.0,RAJASTHAN,Bengaluru,O2012,6,3824.43,96755.78,22946.58
C1134,Amit Verma,32.0, GUJARAT ,Hyderabad,O2368,10,521.45,41100.58,5214.5
C1012,Amit Nair,71.0,Maharashtra,Coimbatore,O2223,3,95.25,54186.07,285.75
C1008,Ayaan Singh,62.0,West Bengal,Trivandrum,O2073,4,4623.36,80631.09,18493.44
C1038,Ishaan Bose,52.0,WEST BENGAL,Pune,O2213,4,1538.65,99606.5,6154.6
C1113,Diya Mukherjee,, GUJARAT ,Ludhiana,O2157,5,3215.37,21022.6,16076.85
C1020,Pari Kumar,43.0, West Bengal ,Noida,O2322,5,501.13,34412.53,2505.65
C1130,Navya Reddy,47.0,gujarat,Pune,O2373,1,4092.11,49857.13,4092.11
C1085,Myra Nair,33.0,tamil nadu,Delhi,O2315,2,3616.05,675288.06,7232.1
C1149,Neha Gupta,,West Bengal  ,Noida,O2388,3,247.71,77672.43,743.13
C1022,Divya Kumar,60.0,WEST BENGAL,Chennai,O2361,9,421.49,110001.84,3793.41
C1101,Rahul Sharma,60.0,Tamil Nadu  ,Mumbai,O2428,8,3926.39,25529.25,31411.12
C1017,Aditya Bose,53.0,gujarat,Hyderabad,O2328,8,4589.95,,36719.6
C1109,Krishna Patel,-23.0,Rajasthan  ,Chennai,O2285,8,2303.23,67459.05,18425.84
C1112,Vihaan Patel,18.0, Karnataka ,Pune,O2088,3,420.4,42827.39,1261.2
C1081,Kavya Rao,,Delhi,Mysuru,O2305,8,2670.69,119958.6,21365.52
C1009,Vivaan Das,22.0, TAMIL NADU ,Jaipur,O2131,9,1953.19,115194.31,17578.71
C1074,Ananya Kumar,,PUNJAB,Bengaluru,O2124,7,2686.28,73665.97,18803.96
C1131,Myra Joshi,49.0,Kerala,Ludhiana,O2174,9,2313.29,76251.13,20819.61
C1149,Riya Gupta,22.0,Kerala,Mumbai,O2300,8,4056.03,103963.92,32448.24
C1035,Aarav Shah,28.0,Punjab  ,Noida,O2191,8,2413.37,116210.97,19306.96
C1014,Ayaan Verma,23.0,West Bengal,Mysuru,O2014,9,3840.88,64904.65,34567.92
C1149,Pari Patel,29.0,RAJASTHAN,Coimbatore,O2378,3,562.59,78646.88,1687.77
C1087,Kavya Yadav,43.0,Gujarat,Trivandrum,O2232,5,3928.56,38954.53,19642.8
C1078,Vivaan Rao,56.0,Kerala,Mumbai,O2123,5,4729.35,95236.89,23646.75
C1035,Arjun Pillai,68.0, TAMIL NADU ,Mysuru,O2138,9,4183.84,18963.49,37654.56
C1133,Ishaan Mukherjee,19.0, Kerala ,Pune,O2111,7,2160.05,89802.14,15120.35
C1107,Navya Shah,75.0, Maharashtra ,Mumbai,O2051,5,2207.39,,11036.95
C1113,Aditya Pillai,27.0,TAMIL NADU,Delhi,O2112,10,3183.73,49144.47,31837.3
C1035,Anika Joshi,21.0,TAMIL NADU,Trivandrum,O2009,3,3970.79,21670.41,11912.37
C1024,Karan Chatterjee,44.0,West Bengal  ,Kochi,O2019,2,350.03,99062.21,700.06
C1102,Karan Das,51.0,West Bengal,Mumbai,O2016,4,366.93,,1467.72
C1089,Neha Pillai,25.0,MAHARASHTRA,Mysuru,O2261,10,3461.21,79077.49,34612.1
C1028,Aarav Gupta,26.0,Tamil Nadu  ,Coimbatore,O2000,9,480.35,18128.71,4323.15
C1121,Nikhil Das,25.0,Tamil Nadu  ,Mumbai,O2374,1,1739.72,116265.54,1739.72
C1055,Myra Mukherjee,72.0,Gujarat,Trivandrum,O2105,6,2745.11,52660.75,16470.66
C1104,Rahul Joshi,73.0,Gujarat,Hyderabad,O2334,3,374.8,57355.44,1124.4
C1042,Rohan Varma,57.0, Rajasthan ,Pune,O2452,2,441.6,47915.62,883.2
C1143,Aadhya Bose,63.0, Punjab ,Mumbai,O2461,5,442.09,69244.06,2210.45
C1145,Sai Das,67.0, TAMIL NADU ,Trivandrum,O2286,2,1180.6,19623.98,2361.2
C1149,Krishna Gupta,45.0,rajasthan,Jaipur,O2426,5,4959.4,36387.83,24797.0
C1021,Ayaan Kumar,44.0, RAJASTHAN ,Mysuru,O2070,10,1167.15,62304.02,11671.5
C1040,Vihaan Rao,35.0,Telangana  ,Kochi,O2306,4,2899.68,55784.36,11598.72
C1111,Krishna Chatterjee,68.0,tamil nadu,Delhi,O2238,4,3618.45,79750.22,14473.8
C1042,Vivaan Bose,64.0, Maharashtra ,Trivandrum,O2271,2,3533.31,,7066.62
C1111,Diya Varma,50.0, Tamil Nadu ,Noida,O2038,10,990.89,674423.01,9908.9
C1129,Navya Nair,48.0,Kerala  ,Ludhiana,O2150,6,1305.57,,7833.42
C1066,Sai Das,67.0,Delhi  ,Noida,O2284,2,3868.58,,7737.16
C1049,Myra Bose,34.0, Karnataka ,Hyderabad,O2435,2,2815.22,50696.42,5630.44
C1074,Priya Singh,63.0,karnataka,Hyderabad,O2163,4,650.74,29582.07,2602.96
C1041,Ananya Rao,51.0,Delhi,Delhi,O2167,4,3193.53,28142.88,12774.12
C1141,Saanvi Chatterjee,55.0,Punjab,Mysuru,O2233,10,1512.13,22718.2,15121.3
C1107,Diya Bose,42.0,Punjab,Trivandrum,O2206,9,708.3,27456.48,6374.7
C1101,Pooja Das,69.0,karnataka,Kochi,O2188,5,4778.8,112021.01,23894.0
C1132,Divya Das,47.0,Kerala,Trivandrum,O2412,6,560.96,81524.53,3365.76
C1065,Diya Nair,40.0,RAJASTHAN,Jaipur,O2450,10,3266.83,117834.18,32668.3
C1057,Aarav Varma,71.0,GUJARAT,Bengaluru,O2145,1,1470.05,88087.56,1470.05
C1091,Neha Varma,47.0,telangana,Hyderabad,O2457,8,718.82,71625.19,5750.56
C1148,Saanvi Verma,20.0,telangana,Hyderabad,O2408,9,2386.91,53410.96,21482.19
C1082,Anika Bose,56.0,maharashtra,Ludhiana,O2379,6,4853.93,29004.04,29123.58
C1121,Vivaan Iyer,27.0, RAJASTHAN ,Trivandrum,O2331,7,241.97,49806.88,1693.79
C1091,Anika Singh,71.0,TELANGANA,Delhi,O2345,2,2380.37,91144.6,4760.74
C1082,Myra Mukherjee,31.0, Telangana ,Mysuru,O2042,3,3311.31,84704.65,9933.93
C1146,Arjun Patel,38.0,DELHI,Chennai,O2160,1,3691.59,55633.67,3691.59
C1051,Kavya Mukherjee,58.0, GUJARAT ,Hyderabad,O2386,10,1022.52,35317.26,10225.2
C1023,Rahul Mukherjee,62.0,Gujarat,Mysuru,O2267,9,2018.69,101609.0,18168.21
C1126,Amit Reddy,52.0,MAHARASHTRA,Kochi,O2291,7,168.36,81773.89,1178.52
C1122,Aditya Sharma,51.0,West Bengal,Kochi,O2272,6,4094.69,59342.96,24568.14
C1054,Krishna Pillai,29.0,Telangana,Bengaluru,O2072,1,2072.16,64340.81,2072.16
C1036,Ananya Pillai,38.0,Karnataka  ,Noida,O2314,2,4117.23,91575.02,8234.46
C1012,Vivaan Singh,74.0,west bengal,Hyderabad,O2175,1,4243.5,107657.85,4243.5
C1080,Nikhil Nair,, Maharashtra ,Jaipur,O2444,2,1660.91,42268.58,3321.82
C1026,Aarav Patel,71.0, GUJARAT ,Trivandrum,O2341,10,3064.8,26350.98,30648.0
C1145,Pari Gupta,,Tamil Nadu  ,Noida,O2229,5,4501.59,18454.69,22507.95
C1045,Ananya Menon,,DELHI,Mysuru,O2350,3,2902.58,97447.15,8707.74
C1126,Krishna Varma,39.0, TELANGANA ,Bengaluru,O2268,10,4269.49,108886.24,42694.9
C1088,Reyansh Chatterjee,72.0,TELANGANA,Bengaluru,O2401,3,1142.9,35404.25,3428.7
C1135,Aadhya Kumar,33.0,Delhi,Kochi,O2147,4,2128.14,62996.93,8512.56
C1120,Sai Reddy,34.0,Punjab,Chennai,O2466,4,1954.75,40952.03,7819.0
C1111,Rohan Varma,72.0, TAMIL NADU ,Noida,O2228,1,1187.34,87690.21,1187.34
C1101,Neha Shah,68.0,Punjab,Delhi,O2100,9,661.76,93646.22,5955.84
C1086,Amit Mukherjee,75.0,Rajasthan,Kolkata,O2437,2,1326.21,97808.88,2652.42
C1006,Aditya Chatterjee,47.0,Karnataka,Delhi,O2053,7,1670.4,50437.56,11692.8
C1020,Rohan Menon,42.0, PUNJAB ,Kolkata,O2227,1,3201.9,23682.04,3201.9
C1093,Neha Bose,29.0,RAJASTHAN,Jaipur,O2446,4,4080.24,99429.2,16320.96
C1005,Amit Gupta,66.0, Karnataka ,Hyderabad,O2077,8,4584.56,76459.61,36676.48
C1012,Neha Varma,69.0, Gujarat ,Noida,O2154,7,3729.37,55597.7,26105.59
C1110,Saanvi Nair,74.0, Maharashtra ,Jaipur,O2251,7,1974.74,36607.37,13823.18
C1103,Diya Patel,61.0,Karnataka,Bengaluru,O2158,10,3406.54,28254.15,34065.4
C1018,Myra Chatterjee,54.0,Maharashtra  ,Coimbatore,O2044,7,2497.17,83886.09,17480.19
C1135,Ishaan Mukherjee,45.0,Tamil Nadu  ,Chennai,O2113,9,3618.16,62413.27,32563.44
C1004,Saanvi Das,68.0,west bengal,Noida,O2304,10,2536.85,33880.67,25368.5
C1060,Ishaan Sharma,51.0, Maharashtra ,Delhi,O2211,5,351.74,107369.96,1758.7
C1037,Sneha Yadav,,KARNATAKA,Hyderabad,O2108,5,4002.64,105977.03,20013.2
C1086,Pooja Verma,,Kerala,Kochi,O2169,10,1360.05,75074.41,13600.5
C1102,Pooja Shah,,tamil nadu,Delhi,O2079,6,623.81,105815.61,3742.86
C1072,Diya Varma,49.0,West Bengal,Ludhiana,O2451,10,1468.29,30209.08,14682.9
C1130,Rahul Sharma,35.0,punjab,Noida,O2084,9,1372.5,,12352.5
C1117,Arjun Gupta,65.0, TELANGANA ,Delhi,O2008,10,2170.75,53009.63,21707.5
C1038,Navya Menon,55.0,TELANGANA,Ludhiana,O2032,3,257.05,112974.24,771.15
C1123,Sneha Singh,39.0, Tamil Nadu ,Chennai,O2099,3,3783.05,86013.99,11349.15
C1030,Karan Rao,39.0, Tamil Nadu ,Trivandrum,O2416,8,2421.15,82962.22,19369.2
C1062,Vivaan Varma,68.0, Tamil Nadu ,Delhi,O2392,9,3633.68,,32703.12
C1035,Rahul Shah,74.0,Telangana  ,Kochi,O2222,9,217.43,114244.75,1956.87
C1139,Nikhil Singh,69.0,Telangana,Trivandrum,O2028,9,1531.92,113587.65,13787.28
C1142,Aadhya Bose,69.0, Karnataka ,Mysuru,O2447,1,924.21,119533.99,924.21
C1017,Amit Menon,33.0,Maharashtra,Jaipur,O2055,3,1230.8,27010.89,3692.4
C1042,Sai Nair,33.0,Delhi  ,Coimbatore,O2454,2,1092.33,25033.14,2184.66
C1004,Vihaan Bose,53.0,Telangana,Pune,O2372,2,3969.33,81941.5,7938.66
C1124,Rohan Rao,22.0,DELHI,Delhi,O2048,6,1632.56,29529.28,9795.36
C1024,Sai Shah,58.0,TAMIL NADU,Trivandrum,O2394,4,4331.51,25912.31,17326.04
C1084,Diya Gupta,47.0, Tamil Nadu ,Kochi,O2347,10,2922.55,64583.07,29225.5
C1010,Priya Das,33.0,tamil nadu,Mysuru,O2033,9,4426.47,80169.46,39838.23
C1063,Krishna Iyer,24.0,Punjab,Pune,O2035,8,1151.05,63331.84,9208.4
C1061,Rahul Chatterjee,66.0,Maharashtra  ,Kolkata,O2063,8,2268.46,,18147.68
C1100,Nikhil Varma,35.0,Maharashtra,Mumbai,O2295,3,3910.69,31318.11,11732.07
C1068,Arjun Bose,58.0,Karnataka  ,Ludhiana,O2234,6,1835.47,114010.82,11012.82
C1061,Rahul Chatterjee,66.0,Maharashtra  ,Kolkata,O2063,8,2268.46,,18147.68
C1001,Priya Kumar,32.0,Karnataka  ,Hyderabad,O2045,8,298.58,104075.32,2388.64
C1115,Amit Shah,57.0,Rajasthan,Bengaluru,O2177,2,1999.82,50603.96,3999.64
C1120,Amit Varma,41.0, Gujarat ,Kochi,O2219,10,4327.22,16703.09,43272.2
C1112,Kavya Gupta,23.0,gujarat,Bengaluru,O2364,2,2033.85,43542.47,4067.7
C1042,Myra Mukherjee,25.0,telangana,Mysuru,O2296,4,2286.99,104510.63,9147.96
C1140,Vihaan Menon,52.0,Kerala,Noida,O2021,4,873.24,37443.47,3492.96
C1021,Vihaan Sharma,39.0,WEST BENGAL,Hyderabad,O2248,8,1774.09,90809.36,14192.72
C1128,Divya Singh,58.0,delhi,Jaipur,O2199,4,1134.69,31084.48,4538.76
C1134,Aditya Chatterjee,19.0,gujarat,Bengaluru,O2137,4,1741.58,35160.55,6966.32
C1122,Anika Patel,50.0,TAMIL NADU,Chennai,O2024,10,386.41,57396.43,3864.1
C1128,Amit Yadav,73.0,Kerala  ,Bengaluru,O2184,9,1076.34,84533.81,9687.06
C1015,Divya Pillai,48.0,kerala,Ludhiana,O2205,3,3856.41,117724.99,11569.23
C1093,Diya Singh,67.0,Gujarat  ,Jaipur,O2134,1,3956.67,21920.74,3956.67
C1026,Sneha Sharma,21.0,MAHARASHTRA,Mumbai,O2299,7,1892.59,82691.93,13248.13
C1015,Riya Shah,60.0, Tamil Nadu ,Ahmedabad,O2116,7,4347.06,116681.86,30429.42
C1044,Rohan Chatterjee,21.0,Gujarat  ,Trivandrum,O2212,7,3939.73,58714.09,27578.11
C1132,Ishaan Reddy,, RAJASTHAN ,Hyderabad,O2432,4,3095.19,52772.7,12380.76
C1061,Neha Yadav,66.0,TELANGANA,Kolkata,O2410,3,936.77,84238.4,2810.31
C1096,Sai Pillai,75.0,tamil nadu,Jaipur,O2318,10,4471.47,60288.95,44714.7
C1138,Ananya Bose,26.0, TAMIL NADU ,Coimbatore,O2231,6,315.8,103060.84,1894.8
C1048,Rahul Kumar,66.0,WEST BENGAL,Coimbatore,O2217,10,3533.65,40129.75,35336.5
C1055,Myra Gupta,28.0, RAJASTHAN ,Coimbatore,O2056,2,3900.07,47659.09,7800.14
C1031,Amit Mukherjee,55.0,TELANGANA,Kolkata,O2377,1,2675.3,874123.31,2675.3
C1022,Arjun Yadav,45.0, Punjab ,Kolkata,O2351,7,73.11,91719.2,511.77
C1087,Aadhya Verma,47.0,karnataka,Pune,O2349,3,3905.76,81258.44,11717.28
C1028,Aadhya Verma,75.0, KERALA ,Kolkata,O2181,5,4837.0,96497.01,24185.0
C1035,Rohan Kumar,59.0,kerala,Mysuru,O2097,8,215.15,28798.24,1721.2
C1058,Aadhya Varma,43.0,Punjab  ,Chennai,O2114,6,2162.48,54301.61,12974.88
C1061,Pari Bose,49.0,Rajasthan,Hyderabad,O2278,1,4935.07,28858.2,4935.07
C1029,Amit Gupta,69.0, PUNJAB ,Mysuru,O2118,10,3087.19,17756.65,30871.9
C1030,Ishaan Kumar,49.0, MAHARASHTRA ,Mumbai,O2359,5,4165.92,52581.79,20829.6
C1007,Pari Shah,37.0,WEST BENGAL,Mysuru,O2170,7,1522.3,21290.87,10656.1
C1074,Nikhil Gupta,43.0, Delhi ,Mysuru,O2453,6,3752.08,62280.31,22512.48
C1097,Krishna Chatterjee,23.0,West Bengal,Coimbatore,O2054,9,307.82,38543.33,2770.38
C1093,Amit Bose,43.0, KERALA ,Hyderabad,O2176,4,1844.49,55566.63,7377.96
C1049,Arjun Menon,61.0,PUNJAB,Pune,O2327,3,4178.84,110634.47,12536.52
C1145,Kavya Kumar,39.0, Delhi ,Trivandrum,O2194,9,2645.38,29090.99,23808.42
C1149,Rahul Verma,,Gujarat  ,Mumbai,O2198,1,3355.54,31770.27,3355.54
C1147,Ayaan Menon,28.0,Telangana  ,Coimbatore,O2182,10,3884.3,101274.44,38843.0
C1069,Nikhil Yadav,38.0,KERALA,Kochi,O2463,9,159.55,44622.03,1435.95
C1126,Vihaan Kumar,52.0, Karnataka ,Kolkata,O2103,6,3368.91,114327.28,20213.46
C1141,Divya Verma,44.0,DELHI,Mumbai,O2220,6,1188.59,40801.65,7131.54
C1080,Arjun Mukherjee,-15.0,delhi,Jaipur,O2130,1,1792.11,63482.96,1792.11
C1098,Vivaan Iyer,67.0,MAHARASHTRA,Trivandrum,O2338,4,3404.59,57998.26,13618.36
C1143,Amit Iyer,75.0,Gujarat  ,Chennai,O2346,4,1808.65,47243.95,7234.6
C1069,Kavya Shah,47.0,Punjab  ,Jaipur,O2060,5,1645.41,113135.3,8227.05
C1076,Rohan Chatterjee,47.0,DELHI,Ludhiana,O2094,8,577.93,52690.71,4623.44
C1045,Divya Menon,43.0,WEST BENGAL,Noida,O2193,5,4389.88,,21949.4
C1105,Diya Rao,57.0,Delhi  ,Mysuru,O2140,8,1208.31,116387.65,9666.48
C1028,Pooja Joshi,19.0, TELANGANA ,Mumbai,O2148,3,1491.8,,4475.4
C1137,Arjun Iyer,51.0,West Bengal,Trivandrum,O2202,4,3598.74,109383.38,14394.96
C1044,Pooja Mukherjee,48.0,KARNATAKA,Chennai,O2152,8,233.07,98066.47,1864.56
C1114,Sai Joshi,40.0,GUJARAT,Pune,O2337,5,3757.36,44932.28,18786.8
C1077,Pari Verma,22.0, GUJARAT ,Mumbai,O2389,3,2627.0,31733.9,7881.0
C1097,Kavya Mukherjee,53.0,Kerala  ,Coimbatore,O2010,2,3424.47,43016.64,6848.94
C1012,Vivaan Kumar,71.0,West Bengal,Chennai,O2269,3,2234.37,,6703.11
C1127,Pooja Singh,32.0,rajasthan,Mumbai,O2096,4,3123.41,90697.48,12493.64
C1138,Reyansh Menon,36.0,Maharashtra  ,Jaipur,O2210,6,2908.5,100930.16,17451.0
C1034,Ishaan Varma,62.0, Maharashtra ,Ahmedabad,O2240,3,4824.64,45602.06,14473.92
C1148,Aarav Singh,42.0,Punjab  ,Mumbai,O2057,2,2980.88,40499.18,5961.76
C1084,Vihaan Menon,21.0, KARNATAKA ,Ludhiana,O2301,7,2505.83,59799.72,17540.81
C1098,Nikhil Joshi,59.0,Karnataka,Bengaluru,O2365,1,4908.77,25889.88,4908.77
C1078,Pooja Rao,60.0, Maharashtra ,Ahmedabad,O2036,5,4328.55,44308.12,21642.75
C1130,Saanvi Varma,57.0,KERALA,Ludhiana,O2429,1,4031.63,64525.21,4031.63
C1027,Ayaan Reddy,46.0, Karnataka ,Bengaluru,O2020,5,2340.01,22915.41,11700.05
C1004,Reyansh Patel,50.0,PUNJAB,Jaipur,O2421,2,928.24,77980.45,1856.48
C1060,Vivaan Joshi,75.0,Gujarat,Ahmedabad,O2332,5,1589.2,105114.65,7946.0
C1145,Divya Singh,47.0,Delhi  ,Ludhiana,O2075,5,2527.34,23446.39,12636.7
C1095,Aadhya Shah,66.0,Telangana  ,Pune,O2200,4,3821.21,77560.52,15284.84
C1005,Amit Gupta,66.0, Karnataka ,Hyderabad,O2077,8,4584.56,76459.61,36676.48
C1074,Ishaan Verma,72.0,Telangana  ,Pune,O2263,2,721.17,58217.6,1442.34
C1020,Rohan Menon,42.0, PUNJAB ,Kolkata,O2227,1,3201.9,23682.04,3201.9
C1090,Ayaan Verma,60.0, TAMIL NADU ,Ahmedabad,O2149,2,4769.35,97573.3,9538.7
C1046,Kavya Patel,64.0, Gujarat ,Jaipur,O2420,10,390.77,28882.39,3907.7
C1001,Amit Iyer,39.0,DELHI,Mumbai,O2002,6,555.94,52692.83,3335.64
C1086,Karan Bose,71.0,WEST BENGAL,Jaipur,O2052,9,183.48,74261.16,1651.32
C1109,Sai Yadav,31.0,Maharashtra,Jaipur,O2262,6,2684.79,32679.62,16108.74
C1135,Rohan Varma,57.0, PUNJAB ,Chennai,O2253,6,1792.33,33115.39,10753.98
C1144,Rahul Joshi,25.0,Rajasthan,Delhi,O2259,9,4125.25,101374.15,37127.25
C1025,Neha Rao,65.0,west bengal,Delhi,O2333,7,3044.65,61380.24,21312.55
C1088,Karan Bose,70.0, TELANGANA ,Kochi,O2369,1,3234.82,104128.79,3234.82
C1109,Aditya Singh,58.0, Rajasthan ,Mumbai,O2321,2,177.39,45640.2,354.78
C1062,Vivaan Verma,25.0,Maharashtra,Kolkata,O2183,6,2122.96,36408.63,12737.76
C1017,Diya Rao,58.0, TAMIL NADU ,Coimbatore,O2151,6,710.38,50547.46,4262.28
C1000,Sai Pillai,67.0,punjab,Trivandrum,O2433,7,2056.98,16613.48,14398.86
C1090,Reyansh Iyer,46.0,Karnataka,Jaipur,O2302,10,3104.04,67383.62,31040.4
C1061,Ayaan Menon,51.0,Maharashtra  ,Mumbai,O2190,1,545.98,64602.41,545.98
C1050,Aadhya Kumar,59.0,karnataka,Pune,O2074,3,403.48,47299.24,1210.44
C1049,Anika Kumar,42.0,telangana,Ludhiana,O2348,1,4360.7,119196.52,4360.7
C1127,Arjun Singh,60.0,Karnataka  ,Ludhiana,O2243,7,416.13,65319.64,2912.91
C1069,Ishaan Shah,44.0,Maharashtra,Bengaluru,O2462,3,1483.5,79861.59,4450.5
C1121,Nikhil Bose,60.0, Karnataka ,Kochi,O2087,3,2536.34,106318.53,7609.02
C1117,Vihaan Sharma,43.0, GUJARAT ,Ludhiana,O2239,6,2229.1,101471.2,13374.6
C1132,Neha Kumar,66.0,karnataka,Kolkata,O2143,9,779.38,114373.39,7014.42
C1100,Sneha Shah,58.0,karnataka,Trivandrum,O2399,6,4789.09,,28734.54
C1131,Rahul Gupta,74.0, Gujarat ,Kolkata,O2266,6,2930.68,103952.57,17584.08
C1107,Ayaan Varma,64.0,gujarat,Pune,O2288,2,2879.1,85699.2,5758.2
C1100,Arjun Yadav,23.0, DELHI ,Ludhiana,O2136,6,4075.26,102040.69,24451.56
C1088,Arjun Shah,29.0, Karnataka ,Hyderabad,O2166,1,4165.38,46933.08,4165.38
C1127,Divya Singh,35.0, Punjab ,Kolkata,O2083,4,2311.09,35014.09,9244.36
C1147,Vihaan Chatterjee,48.0,Maharashtra,Delhi,O2424,10,4389.99,34847.21,43899.9
C1047,Pari Joshi,69.0,telangana,Mysuru,O2155,2,3649.05,78257.6,7298.1
C1009,Saanvi Gupta,57.0, KERALA ,Kochi,O2356,2,3285.16,,6570.32
C1074,Karan Das,26.0, KARNATAKA ,Hyderabad,O2381,6,3566.25,74039.42,21397.5
C1145,Aadhya Das,29.0,West Bengal,Kochi,O2279,10,384.29,19181.82,3842.9
C1106,Ishaan Kumar,38.0, KARNATAKA ,Kolkata,O2126,6,486.24,40548.23,2917.44
C1129,Myra Gupta,25.0,GUJARAT,Coimbatore,O2195,8,3259.01,16478.84,26072.08
C1125,Arjun Verma,58.0, Punjab ,Kolkata,O2265,2,3186.46,24774.95,6372.92
C1048,Pari Reddy,33.0,DELHI,Mumbai,O2440,4,4182.96,52382.87,16731.84
C1107,Riya Sharma,59.0, Tamil Nadu ,Jaipur,O2104,7,4698.31,87479.47,32888.17
C1010,Ananya Singh,70.0, Telangana ,Delhi,O2153,1,3778.79,52482.29,3778.79
C1016,Ishaan Chatterjee,72.0,Maharashtra,Mumbai,O2282,2,4626.91,79291.16,9253.82
C1135,Pari Shah,59.0,Kerala,Trivandrum,O2391,6,2256.05,79438.62,13536.3
C1064,Pooja Das,43.0,tamil nadu,Ludhiana,O2226,8,2846.76,38715.01,22774.08
C1033,Pari Joshi,44.0,West Bengal,Chennai,O2367,5,3292.12,,16460.6
C1145,Ayaan Verma,57.0, Tamil Nadu ,Trivandrum,O2025,10,2847.87,42380.4,28478.7
C1086,Sneha Singh,66.0,MAHARASHTRA,Jaipur,O2196,7,4143.6,24107.47,29005.2
C1075,Ayaan Bose,37.0,rajasthan,Kolkata,O2064,9,2678.06,93323.22,24102.54
C1140,Sai Gupta,56.0,PUNJAB,Noida,O2015,9,3788.56,89859.64,34097.04
C1023,Sai Singh,62.0,Rajasthan,Mumbai,O2297,6,784.2,116682.0,4705.2
C1103,Pooja Rao,-15.0, Rajasthan ,Chennai,O2371,8,2262.99,67224.2,18103.92
C1033,Aarav Das,33.0,rajasthan,Kochi,O2109,3,1363.57,59200.86,4090.71
C1050,Krishna Das,50.0,Punjab  ,Noida,O2336,2,3421.81,66322.61,6843.62
C1048,Pooja Joshi,29.0,West Bengal,Chennai,O2308,1,1201.49,70277.09,1201.49
C1080,Ayaan Gupta,60.0, Delhi ,Ahmedabad,O2026,2,96.11,74114.33,192.22
C1010,Priya Chatterjee,56.0,Delhi,Chennai,O2076,4,4811.46,75395.91,19245.84
C1085,Aditya Rao,32.0,MAHARASHTRA,Kochi,O2043,1,1261.97,104222.46,1261.97
C1015,Sneha Bose,58.0, Telangana ,Ludhiana,O2280,7,458.02,79684.94,3206.14
C1088,Kavya Gupta,64.0, WEST BENGAL ,Chennai,O2003,7,440.06,81007.18,3080.42
C1102,Karan Varma,-30.0, Karnataka ,Ahmedabad,O2439,6,1131.9,34192.37,6791.4
C1059,Saanvi Sharma,22.0, Punjab ,Ahmedabad,O2049,9,2356.33,102453.57,21206.97
C1109,Sai Nair,68.0,Maharashtra  ,Coimbatore,O2405,7,1419.57,86355.92,9936.99
C1114,Sai Pillai,29.0,Telangana,Ludhiana,O2387,1,2171.11,28656.99,2171.11
C1127,Diya Mukherjee,20.0,Gujarat,Pune,O2465,3,327.39,22495.39,982.17
C1067,Anika Joshi,72.0,Kerala,Trivandrum,O2030,7,4155.27,633422.62,29086.89
C1145,Kavya Pillai,27.0, KARNATAKA ,Kochi,O2121,2,1396.91,65994.48,2793.82
C1039,Karan Joshi,-27.0,Tamil Nadu,Ludhiana,O2115,2,3735.72,28662.12,7471.44
C1140,Krishna Rao,57.0,gujarat,Bengaluru,O2445,8,2148.52,93980.56,17188.16
C1048,Sneha Verma,53.0, Maharashtra ,Mumbai,O2216,6,1550.78,37239.82,9304.68
C1015,Krishna Sharma,26.0,MAHARASHTRA,Coimbatore,O2264,6,4150.98,86004.63,24905.88
C1004,Ayaan Reddy,-20.0, Kerala ,Jaipur,O2209,1,1261.43,675585.12,1261.43
C1107,Sai Chatterjee,42.0, GUJARAT ,Ludhiana,O2316,2,4152.59,75695.83,8305.18
C1052,Amit Shah,,West Bengal,Jaipur,O2384,9,4330.97,73933.41,38978.73
C1055,Ayaan Patel,53.0,Maharashtra  ,Trivandrum,O2001,9,2126.62,44210.02,19139.58
C1146,Saanvi Verma,,rajasthan,Noida,O2313,10,1143.43,113352.22,11434.3
C1102,Priya Menon,18.0,punjab,Noida,O2022,8,1461.98,91703.06,11695.84
C1057,Sai Mukherjee,-28.0,kerala,Kochi,O2317,6,1342.58,50889.86,8055.48
C1042,Kavya Chatterjee,24.0,GUJARAT,Mumbai,O2319,7,3501.12,91647.27,24507.84
C1008,Sneha Varma,22.0, MAHARASHTRA ,Noida,O2007,6,1102.5,107891.73,6615.0
C1058,Ayaan Mukherjee,35.0,Maharashtra  ,Mysuru,O2208,2,209.48,79566.94,418.96
C1120,Priya Reddy,54.0, West Bengal ,Mysuru,O2141,5,3901.71,58959.39,19508.55
C1096,Myra Varma,62.0, MAHARASHTRA ,Ludhiana,O2086,4,4287.26,48408.51,17149.04
C1003,Priya Varma,51.0,Maharashtra,Trivandrum,O2352,1,3152.1,87820.1,3152.1
C1125,Riya Rao,35.0,punjab,Chennai,O2241,10,1039.01,33892.36,10390.1
C1115,Neha Das,64.0,Maharashtra,Delhi,O2215,7,3384.68,106730.15,23692.76
C1032,Rohan Joshi,18.0,rajasthan,Kolkata,O2068,8,2230.32,20394.56,17842.56
C1099,Priya Verma,19.0, Rajasthan ,Kolkata,O2050,1,4716.57,55948.6,4716.57
C1027,Ishaan Singh,36.0, West Bengal ,Ludhiana,O2398,1,2396.24,29320.05,2396.24
C1070,Pooja Gupta,54.0, Karnataka ,Trivandrum,O2413,7,1858.22,102724.25,13007.54
C1046,Navya Singh,23.0,Gujarat  ,Delhi,O2156,5,2257.28,32497.7,11286.4
C1016,Riya Kumar,52.0,karnataka,Ahmedabad,O2252,4,2314.87,105576.84,9259.48
C1137,Pooja Chatterjee,22.0,Karnataka,Kolkata,O2395,6,237.54,33689.18,1425.24
C1046,Karan Verma,72.0, Telangana ,Trivandrum,O2402,9,412.07,41322.2,3708.63
C1029,Aadhya Mukherjee,53.0, Delhi ,Coimbatore,O2357,3,1067.2,15976.98,3201.6
C1076,Divya Yadav,61.0,karnataka,Chennai,O2254,4,1561.63,87810.84,6246.52
C1089,Aadhya Varma,33.0,Delhi  ,Chennai,O2276,4,2789.31,78797.28,11157.24
C1093,Amit Sharma,50.0, PUNJAB ,Kochi,O2178,1,242.62,99416.41,242.62
C1071,Aditya Singh,-30.0,MAHARASHTRA,Hyderabad,O2281,6,1984.12,102625.28,11904.72
C1139,Navya Bose,32.0,Maharashtra  ,Ahmedabad,O2390,6,1835.95,94028.85,11015.7
C1143,Priya Rao,28.0,PUNJAB,Bengaluru,O2237,5,1540.6,21643.05,7703.0
C1113,Ishaan Verma,37.0, RAJASTHAN ,Kochi,O2071,10,4802.54,95087.4,48025.4
C1125,Amit Joshi,67.0,punjab,Jaipur,O2460,4,3994.0,34799.95,15976.0
