applicant_id,age,income,employment_type,credit_history,loan_amount,application_date,default
APP1354,51,24898.0,Salaried,1.0,218124.0,2024-09-11,0
APP1200,64,87125.0,Self-employed,1.0,362944.0,2024-08-02,0
APP1060,32,32297.0,Salaried,1.0,91554.0,2024-07-26,1
APP1487,47,188.49277096314003,Salaried,1.0,20000.0,2025-01-14,0
APP1170,54,41638.0,Self-employed,1.0,199849.0,2024-04-19,1
APP1572,38,23248.0,Salaried,0.0,117657.0,2024-11-04,1
APP1222,27,106471.0,Salaried,1.0,492884.0,2024-10-02,0
APP1132,33,17320.0,Salaried,1.0,86791.0,2025-03-16,0
APP1229,43,76922.0,Self-employed,1.0,335268.0,2025-03-20,1
APP1545,44,19922.0,Salaried,1.0,79792.0,2024-11-08,0
APP1320,44,66779.0,Salaried,1.0,222965.0,2024-10-01,0
APP1427,33,28825.0,Self-employed,1.0,127600.0,2025-05-06,0
APP1336,42,48487.0,Self-employed,1.0,190486.0,2024-10-29,0
APP1500,37,33827.0,Self-employed,1.0,173019.0,2024-07-28,1
APP1569,59,20589.0,Salaried,1.0,107087.0,2025-06-21,0
APP1504,44,65249.0,Self-employed,1.0,345153.0,2024-07-22,0
APP1359,40,97807.0,Salaried,1.0,586814.0,2024-03-04,0
APP1053,29,17793.0,Self-employed,0.0,144705.0,2025-01-16,1
APP1101,34,67736.0,Self-employed,1.0,254354.0,2024-02-17,0
APP1534,36,22824.0,Self-employed,1.0,60351.0,2025-03-17,0
APP1573,39,54445.0,Self-employed,1.0,252900.0,2024-07-04,0
APP1202,38,74601.0,Salaried,1.0,233990.0,2025-04-02,0
APP1414,45,20979.0,Self-employed,1.0,140145.0,2024-07-09,0
APP1582,26,17583.0,Salaried,1.0,55691.0,2024-10-06,0
APP1440,52,69436.0,Salaried,1.0,431517.0,2024-01-14,0
APP1140,48,1663.0,Unemployed,0.0,49482.0,2024-07-09,1
APP1188,35,21592.0,Salaried,1.0,61467.0,2025-06-05,0
APP1549,32,17071.0,Self-employed,1.0,83572.0,2024-12-16,1
APP1490,56,21349.0,Salaried,1.0,53784.0,2024-07-05,0
APP1465,40,82434.0,Salaried,1.0,380763.0,2024-07-01,0
APP1097,36,9096.0,Salaried,1.0,88538.0,2024-05-29,0
APP1498,25,5538.0,Unemployed,1.0,34855.0,2025-03-03,1
APP1409,56,18624.0,Salaried,1.0,35750.0,2024-01-09,0
APP1280,48,33485.0,Self-employed,1.0,135747.0,2024-09-26,0
APP1360,48,20870.0,Salaried,0.0,69218.0,2024-08-17,0
APP1308,64,42367.0,Self-employed,1.0,291372.0,2024-07-31,1
APP1585,48,16529.0,Salaried,1.0,28608.0,2024-08-25,1
APP1155,53,77829.0,Salaried,1.0,308216.0,2024-07-26,0
APP1281,43,24701.0,Salaried,1.0,153152.0,2025-02-21,0
APP1321,22,25128.0,Self-employed,1.0,124497.0,2024-03-28,0
APP1358,52,13835.0,Unemployed,1.0,20000.0,2024-09-27,1
APP1379,30,21575.0,Salaried,1.0,136718.0,2024-05-10,1
APP1070,30,106656.0,Self-employed,1.0,606720.0,2024-02-11,1
APP1329,44,21308.0,Salaried,1.0,135327.0,2025-01-02,0
APP1450,40,27171.0,Self-employed,1.0,149721.0,2025-03-09,0
APP1221,30,32143.0,Salaried,1.0,268809.0,2024-10-25,1
APP1328,42,97394.0,Salaried,1.0,409367.0,2024-05-21,0
APP1239,44,47154.0,Salaried,1.0,225025.0,2024-06-01,0
APP1306,32,29483.0,Salaried,0.0,125230.0,2024-02-16,1
APP1342,38,14173.0,Salaried,0.0,37210.0,2024-09-24,1
APP1543,44,103034.0,Self-employed,1.0,556471.0,2024-03-26,0
APP1193,37,26020.0,Self-employed,0.0,146065.0,2024-05-09,1
APP1272,38,17621.0,Self-employed,1.0,138402.0,2025-04-08,1
APP1492,23,17169.0,Salaried,1.0,81169.0,2024-10-23,0
APP1013,46,56300.0,Salaried,,438674.0,2024-05-20,0
APP1357,34,40373.0,Salaried,0.0,227212.0,2024-07-17,0
APP1003,28,56670.0,Salaried,1.0,137639.0,2024-09-09,0
APP1454,44,31214.0,Salaried,1.0,188764.0,2024-01-14,0
APP1479,21,27414.0,Salaried,0.0,107594.0,2024-11-16,1
APP1387,45,56693.0,Salaried,1.0,120744.0,2024-02-18,0
APP1514,38,12589.0,Salaried,1.0,20000.0,2024-09-22,0
APP1209,33,,Salaried,0.0,120195.0,2025-03-07,0
APP1154,21,3256.0,Unemployed,1.0,73598.0,2025-03-21,1
APP1563,33,19663.0,Salaried,0.0,76527.0,2024-07-10,0
APP1052,32,4184.0,Unemployed,1.0,41016.0,2024-10-12,0
APP1503,43,19585.0,Self-employed,0.0,61673.0,2024-04-13,1
APP1099,41,14361.0,Salaried,1.0,42769.0,2024-10-25,0
APP1050,31,18944.0,Unemployed,1.0,120038.0,2025-02-07,1
APP1109,35,12028.0,Salaried,1.0,32632.0,2024-06-13,0
APP1242,41,10175.0,Unemployed,1.0,20000.0,2024-05-07,1
APP1245,36,13575.0,Unemployed,1.0,60003.0,2024-06-07,1
APP1285,48,32654.0,Salaried,1.0,137369.0,2024-07-04,0
APP1232,36,10830.0,Salaried,0.0,26529.0,2024-12-24,1
APP1030,30,53458.0,Self-employed,1.0,333683.0,2025-02-25,1
APP1243,25,25345.0,Salaried,0.0,142624.0,2024-12-10,1
APP1340,27,24320.0,Salaried,1.0,51782.0,2024-09-20,0
APP1553,44,72662.0,Salaried,0.0,415375.0,2024-04-05,0
APP1022,44,12631.0,Salaried,0.0,49190.0,2024-08-17,0
APP1419,31,36265.0,Self-employed,1.0,145349.0,2025-02-20,0
APP1523,21,50013.0,Self-employed,1.0,163726.0,2024-04-10,0
APP1051,33,24545.0,Self-employed,1.0,139488.0,2024-03-22,0
APP1141,33,37883.0,Salaried,1.0,197030.0,2024-01-09,0
APP1422,33,27819.0,Salaried,1.0,111190.0,2024-12-21,0
APP1142,35,392.2104290017088,Salaried,0.0,20000.0,2024-02-29,1
APP1429,48,,Salaried,1.0,194303.0,2025-06-20,0
APP1404,32,,Salaried,1.0,385758.0,2024-06-15,0
APP1436,46,21949.0,Salaried,0.0,60136.0,2025-05-25,1
APP1556,51,25324.0,Salaried,1.0,158418.0,2024-12-18,0
APP1511,52,25470.0,Salaried,1.0,131606.0,2024-05-14,0
APP1367,52,19883.0,Unemployed,1.0,140306.0,2024-01-20,1
APP1425,50,23374.0,Salaried,1.0,46856.0,2024-12-29,0
APP1146,46,43170.0,Self-employed,1.0,156308.0,2024-03-02,0
APP1493,31,421212.0,Salaried,1.0,2421720.0,2025-02-14,0
APP1576,35,38817.0,Salaried,1.0,216641.0,2024-10-25,0
APP1508,40,2639.0,Unemployed,1.0,70375.0,2024-10-02,1
APP1159,27,47187.0,Self-employed,1.0,168403.0,2024-04-10,0
APP1055,30,24785.0,Unemployed,0.0,103930.0,2024-10-18,1
APP1115,34,64138.0,Self-employed,1.0,300705.0,2025-01-15,0
APP1470,50,24229.0,Salaried,1.0,102169.0,2024-03-14,0
APP1521,21,29155.0,Salaried,1.0,31739.0,2024-10-25,0
APP1526,46,33200.0,Salaried,1.0,172497.0,2025-01-27,0
APP1591,47,,Self-employed,1.0,307476.0,2024-02-13,0
APP1377,29,46567.0,Salaried,1.0,224029.0,2024-06-24,0
APP1546,52,26887.0,Salaried,1.0,173368.0,2024-12-30,0
APP1351,35,28730.0,Self-employed,1.0,128312.0,2024-10-15,1
APP1179,34,122865.0,Salaried,1.0,576625.0,2025-06-18,0
APP1166,30,15473.0,Salaried,1.0,158979.0,2024-05-17,0
APP1046,47,51478.0,Salaried,1.0,325175.0,2024-05-28,0
APP1330,44,44719.0,Salaried,1.0,178540.0,2024-03-24,0
APP1303,40,56147.0,Self-employed,1.0,178797.0,2024-02-22,0
APP1501,49,36390.0,Salaried,1.0,34871.0,2025-03-06,0
APP1583,23,37533.0,Salaried,1.0,251043.0,2025-06-21,0
APP1506,44,5639.0,Unemployed,0.0,20000.0,2025-01-09,1
APP1082,29,57194.0,Salaried,1.0,186213.0,2024-02-25,0
APP1597,42,35568.0,Salaried,1.0,104274.0,2024-04-20,0
APP1023,41,23495.0,Salaried,1.0,129619.0,2024-09-27,0
APP1273,41,2830.0,Unemployed,1.0,20000.0,2025-03-25,1
APP1571,42,85856.0,Self-employed,0.0,396980.0,2024-03-13,1
APP1455,60,67013.0,Salaried,1.0,177854.0,2024-09-13,0
APP1590,36,16576.0,Salaried,1.0,87419.0,2024-09-29,0
APP1038,39,48190.0,Self-employed,,152761.0,2025-01-29,0
APP1289,38,57231.0,Salaried,1.0,270849.0,2024-10-07,0
APP1235,42,13138.0,Self-employed,1.0,130534.0,2025-05-23,1
APP1588,49,28458.0,Salaried,1.0,110678.0,2025-05-06,0
APP1010,37,24359.0,Salaried,0.0,27383.0,2024-06-18,1
APP1249,24,30809.0,Self-employed,1.0,141666.0,2024-02-16,0
APP1240,44,3773.0,Unemployed,1.0,97640.0,2024-04-13,0
APP1452,24,43609.0,Salaried,1.0,302880.0,2024-10-15,0
APP1032,32,52400.0,Salaried,1.0,339035.0,2024-03-11,0
APP1551,42,18941.0,Self-employed,1.0,88965.0,2025-04-24,1
APP1292,40,7589.0,Self-employed,1.0,20000.0,2024-05-15,0
APP1025,49,55856.0,Self-employed,1.0,389990.0,2024-07-16,1
APP1172,28,30458.0,Salaried,1.0,50995.0,2024-11-12,0
APP1595,52,123533.0,Salaried,0.0,345976.0,2025-02-12,0
APP1256,40,6117.0,Unemployed,1.0,58185.0,2025-03-31,1
APP1301,64,7150.0,Salaried,1.0,20000.0,2024-10-02,0
APP1236,34,36817.0,Salaried,0.0,29619.0,2024-06-27,1
APP1459,54,10651.0,Salaried,1.0,20000.0,2024-07-25,0
APP1089,52,31859.0,Salaried,1.0,141248.0,2025-01-27,1
APP1065,46,52990.0,Salaried,1.0,295725.0,2024-11-16,1
APP1353,33,67896.0,Salaried,1.0,352856.0,2025-06-10,0
APP1319,48,12241.0,Salaried,1.0,81825.0,2025-04-20,0
APP1293,30,49706.0,Salaried,1.0,238353.0,2024-08-10,0
APP1271,36,8800.0,Self-employed,1.0,65276.0,2025-01-30,1
APP1404,32,,Salaried,1.0,385758.0,2024-06-15,0
APP1513,56,38511.0,Self-employed,1.0,141162.0,2024-04-14,1
APP1192,21,6837.0,Unemployed,0.0,33607.0,2024-01-20,1
APP1435,49,76244.0,Self-employed,1.0,326417.0,2024-11-01,0
APP1040,53,44487.0,Salaried,0.0,176731.0,2024-10-16,1
APP1499,52,,Unemployed,1.0,92536.0,2024-08-16,1
APP1294,32,14020.0,Salaried,1.0,39578.0,2024-01-03,0
APP1252,25,41712.0,Self-employed,1.0,142897.0,2025-02-22,1
APP1259,42,40409.0,Salaried,1.0,202395.0,2024-08-17,0
APP1380,38,27122.0,Salaried,1.0,70578.0,2024-04-11,0
APP1313,56,6655.0,Unemployed,1.0,42322.0,2024-03-13,0
APP1056,41,26772.0,Salaried,1.0,96593.0,2025-03-28,0
APP1258,33,63871.0,Salaried,1.0,178909.0,2024-04-21,0
APP1071,21,15828.0,Salaried,1.0,69629.0,2024-10-11,0
APP1557,40,12585.0,Salaried,1.0,121675.0,2025-03-11,0
APP1187,55,26583.0,Salaried,1.0,108062.0,2025-04-01,0
APP1090,21,27033.0,Salaried,1.0,68731.0,2025-06-17,0
APP1300,29,21653.0,Salaried,1.0,165617.0,2024-05-18,0
APP1054,38,21098.0,Salaried,1.0,134618.0,2024-09-26,0
APP1477,57,11241.0,Salaried,1.0,40727.0,2024-12-27,0
APP1284,55,24017.0,Salaried,1.0,68091.0,2024-04-13,0
APP1441,44,22029.0,Unemployed,1.0,122461.0,2024-09-13,0
APP1066,21,54614.0,Salaried,1.0,174971.0,2025-05-11,0
APP1248,31,8199.0,Unemployed,1.0,69286.0,2024-01-23,1
APP1204,40,22281.0,Self-employed,1.0,63793.0,2024-10-04,0
APP1291,31,13139.0,Salaried,1.0,116457.0,2024-01-19,0
APP1445,30,11251.0,Unemployed,1.0,20000.0,2025-01-23,0
APP1261,49,4019.0,Unemployed,0.0,20000.0,2025-01-12,1
APP1120,46,29157.0,Self-employed,1.0,208793.0,2025-05-19,1
APP1339,25,,Salaried,1.0,174355.0,2024-02-12,0
APP1529,38,44356.0,Self-employed,1.0,252318.0,2025-03-22,0
APP1322,31,17763.0,Self-employed,1.0,25051.0,2024-03-17,0
APP1173,37,27423.0,Salaried,1.0,140696.0,2024-09-22,0
APP1560,55,36664.0,Self-employed,1.0,138571.0,2025-02-15,0
APP1559,31,34037.0,Self-employed,1.0,21327.0,2024-08-12,1
APP1515,24,22226.0,Salaried,1.0,217538.78555275642,2025-06-05,1
APP1451,38,23173.0,Salaried,1.0,93938.0,2024-05-23,0
APP1118,41,29594.0,Self-employed,1.0,85200.0,2024-03-22,0
APP1119,36,28726.0,Salaried,1.0,93197.0,2024-12-28,0
APP1528,28,17006.0,Salaried,1.0,77792.0,2024-04-01,0
APP1401,32,1610.0,Unemployed,1.0,20000.0,2024-11-24,0
APP1324,37,6047.0,Unemployed,1.0,63036.0,2025-03-17,1
APP1138,43,21359.0,Salaried,1.0,126996.0,2024-10-07,0
APP1145,42,62961.0,Salaried,0.0,333225.0,2024-06-17,0
APP1148,47,31801.0,Salaried,0.0,110518.0,2025-03-17,1
APP1244,47,34443.0,Salaried,1.0,230105.0,2025-06-14,0
APP1446,42,5161.0,Unemployed,1.0,20000.0,2025-04-27,1
APP1162,39,21415.0,Self-employed,1.0,39937.0,2024-10-03,0
APP1416,36,57420.0,Salaried,1.0,334316.0,2025-01-27,0
APP1323,36,52678.0,Salaried,1.0,322853.0,2024-03-17,1
APP1472,32,83828.0,Salaried,1.0,478803.0,2025-05-11,0
APP1150,42,6571.0,Unemployed,1.0,28522.0,2024-06-12,1
APP1304,29,19533.0,Self-employed,1.0,38501.0,2024-04-19,0
APP1463,40,,Salaried,1.0,87252.0,2024-08-08,0
APP1213,53,18085.0,Salaried,1.0,43000.0,2025-06-03,0
APP1031,24,37666.0,Salaried,1.0,228514.0,2024-02-26,1
APP1519,31,14099.0,Salaried,1.0,89725.0,2024-06-06,0
APP1277,28,68296.0,Self-employed,1.0,335786.0,2024-09-30,0
APP1020,54,54076.0,Self-employed,1.0,130204.0,2024-09-09,0
APP1113,28,54368.0,Self-employed,0.0,181849.0,2024-08-01,1
APP1355,29,23102.0,Self-employed,1.0,129551.0,2025-05-24,0
APP1000,33,21968.0,Salaried,1.0,84366.0,2024-03-19,0
APP1217,21,57856.0,Self-employed,1.0,255951.0,2024-05-26,0
APP1381,40,52209.0,Self-employed,1.0,194860.0,2024-11-05,0
APP1283,48,25176.0,Salaried,0.0,161675.0,2024-01-31,1
APP1220,24,86141.0,Self-employed,1.0,386814.0,2024-05-18,0
APP1337,40,32695.0,Self-employed,1.0,136509.0,2025-03-25,0
APP1525,46,19041.0,Salaried,1.0,102532.0,2024-11-27,0
APP1002,37,27850.0,Self-employed,1.0,161050.0,2024-06-24,0
APP1577,21,5233.0,Unemployed,1.0,21527.0,2024-03-16,1
APP1058,36,47980.0,Salaried,0.0,501887.1019345605,2024-11-06,1
APP1378,28,69846.0,Self-employed,1.0,174663.0,2024-11-12,0
APP1318,44,13981.0,Salaried,1.0,50141.0,2024-04-15,0
APP1004,32,40094.0,Salaried,1.0,112723.0,2024-09-02,0
APP1343,45,17424.0,Salaried,1.0,85312.0,2024-01-16,0
APP1327,25,32639.0,Self-employed,1.0,190259.0,2025-01-16,0
APP1074,41,28470.0,Self-employed,1.0,151466.0,2024-07-05,1
APP1191,35,23140.0,Self-employed,1.0,105580.0,2025-04-23,0
APP1561,40,172165.0,Salaried,,762393.0,2024-04-27,0
APP1542,56,41795.0,Salaried,1.0,170945.0,2024-10-14,0
APP1489,37,27416.0,Self-employed,1.0,24145.0,2024-01-11,0
APP1080,31,30163.0,Self-employed,1.0,58989.0,2025-01-05,0
APP1593,22,51131.0,Salaried,1.0,157033.0,2024-12-14,0
APP1026,37,24544.0,Salaried,1.0,136817.0,2024-11-18,0
APP1390,40,4443.0,Unemployed,0.0,30506.0,2024-05-12,1
APP1216,50,54188.0,Salaried,1.0,183067.0,2024-04-23,0
APP1385,36,46927.0,Self-employed,1.0,164652.0,2024-12-03,0
APP1484,40,15624.0,Salaried,1.0,97185.0,2024-08-02,0
APP1057,37,33510.0,Salaried,0.0,84550.0,2024-01-24,0
APP1426,63,44237.0,Salaried,0.0,262948.0,2025-02-05,1
APP1108,47,13846.0,Salaried,1.0,125140.0,2024-07-29,1
APP1270,40,275.99515106036057,Self-employed,1.0,30017.0,2024-09-26,0
APP1147,29,23478.0,Salaried,0.0,94239.0,2024-12-14,1
APP1228,33,45373.0,Self-employed,1.0,228121.0,2024-03-08,1
APP1014,33,,Salaried,0.0,132700.0,2024-05-25,1
APP1174,39,75627.0,Self-employed,1.0,449159.0,2024-03-05,0
APP1333,43,70181.0,Salaried,1.0,367272.0,2024-05-31,0
APP1114,21,43716.0,Self-employed,1.0,154702.0,2024-11-23,0
APP1165,40,127948.0,Self-employed,1.0,472996.0,2024-11-12,0
APP1509,45,38893.0,Self-employed,1.0,252428.0,2024-11-30,0
APP1565,42,55918.0,Salaried,1.0,359141.0,2025-01-16,0
APP1059,29,39051.0,Salaried,1.0,197485.0,2025-04-05,0
APP1518,46,11863.0,Unemployed,1.0,20000.0,2024-10-21,0
APP1086,46,33345.0,Self-employed,1.0,94683.0,2025-01-10,1
APP1164,43,18780.0,Salaried,0.0,92986.0,2024-07-06,1
APP1098,50,20922.0,Salaried,1.0,73122.0,2024-05-25,0
APP1509,45,38893.0,Self-employed,1.0,252428.0,2024-11-30,0
APP1168,57,42133.0,Salaried,0.0,152106.0,2024-04-14,1
APP1406,40,27553.0,Salaried,1.0,96206.0,2024-10-05,0
APP1041,43,28442.0,Salaried,1.0,117507.0,2025-01-10,0
APP1369,34,18740.0,Salaried,1.0,128737.0,2024-03-13,0
APP1316,45,27035.0,Salaried,1.0,156006.0,2024-03-17,0
APP1580,33,24733.0,Salaried,1.0,170920.0,2024-05-01,0
APP1079,26,38156.0,Salaried,0.0,144275.0,2024-01-26,1
APP1346,47,20348.0,Self-employed,1.0,66713.0,2024-02-28,0
APP1028,22,24912.0,Salaried,1.0,82918.0,2024-07-21,0
APP1278,42,27524.0,Self-employed,1.0,110718.0,2024-01-20,0
APP1458,40,20045.0,Salaried,0.0,64735.0,2025-02-03,0
APP1408,53,2743.0,Unemployed,1.0,20000.0,2025-02-03,0
APP1305,45,9565.0,Unemployed,1.0,64381.0,2024-01-04,1
APP1084,48,41298.0,Salaried,0.0,242446.0,2024-04-15,1
APP1062,43,104710.0,Self-employed,1.0,358854.0,2025-06-21,0
APP1594,53,64488.0,Self-employed,1.0,119462.0,2024-11-25,0
APP1136,39,31507.0,Salaried,1.0,159213.0,2024-03-11,1
APP1111,34,113762.0,Salaried,1.0,427965.0,2024-12-02,0
APP1194,36,33812.0,Salaried,1.0,170813.0,2024-10-19,0
APP1375,35,25534.0,Salaried,0.0,89696.0,2024-09-28,0
APP1043,36,3829.0,Unemployed,1.0,20000.0,2024-07-31,1
APP1370,34,16737.0,Salaried,1.0,25570.0,2024-12-08,1
APP1129,61,12534.0,Salaried,1.0,62786.0,2025-01-28,0
APP1539,31,48882.0,Salaried,1.0,178715.0,2025-04-10,0
APP1218,35,25019.0,Self-employed,1.0,102954.0,2024-06-14,1
APP1096,39,17236.0,Salaried,1.0,77475.0,2024-04-14,0
APP1124,23,17262.0,Salaried,0.0,97725.0,2025-02-05,0
APP1567,32,13480.0,Salaried,1.0,124048.0,2024-08-31,0
APP1510,37,35945.0,Self-employed,0.0,234492.0,2024-01-31,1
APP1177,53,13997.0,Salaried,1.0,20000.0,2024-05-12,0
APP1344,38,57540.0,Salaried,1.0,223833.0,2024-11-29,0
APP1446,42,5161.0,Unemployed,1.0,20000.0,2025-04-27,1
APP1566,43,31644.0,Salaried,1.0,173809.0,2025-01-24,0
APP1103,34,102625.0,Salaried,1.0,383749.0,2024-01-07,0
APP1081,38,70689.0,Self-employed,1.0,293614.0,2025-01-19,0
APP1417,30,21261.0,Salaried,1.0,127359.0,2024-10-26,0
APP1405,44,54825.0,Self-employed,1.0,196927.0,2024-01-23,0
APP1264,34,21800.0,Self-employed,1.0,36681.0,2024-04-14,0
APP1532,53,12286.0,Unemployed,0.0,113784.0,2024-06-16,1
APP1227,27,27341.0,Salaried,1.0,36323.0,2024-04-24,0
APP1275,30,41356.0,Salaried,1.0,170877.0,2024-09-09,0
APP1371,53,10082.0,Salaried,1.0,68914.0,2024-05-12,0
APP1263,40,,Salaried,1.0,134559.0,2025-02-24,0
APP1461,41,30295.0,Self-employed,1.0,116106.0,2025-04-08,0
APP1253,56,29584.0,Salaried,1.0,102251.0,2024-03-25,0
APP1171,33,27684.0,Salaried,1.0,179901.0,2024-12-19,0
APP1237,50,117143.0,Salaried,1.0,730246.0,2025-04-21,0
APP1386,38,42812.0,Salaried,1.0,167142.0,2024-01-10,0
APP1139,41,10847.0,Unemployed,1.0,36257.0,2024-06-10,1
APP1267,21,54230.0,Self-employed,1.0,397819.0,2024-05-11,1
APP1540,28,1586.0,Unemployed,0.0,22137.0,2024-01-30,1
APP1364,39,21860.0,Unemployed,1.0,113436.0,2024-03-28,0
APP1212,35,31829.0,Self-employed,0.0,209626.0,2024-02-22,0
APP1198,35,11497.0,Self-employed,1.0,57312.0,2025-01-21,1
APP1388,27,37696.0,Self-employed,1.0,92214.0,2025-05-01,0
APP1015,32,35975.0,Salaried,,199453.0,2025-02-28,0
APP1163,45,34664.0,Salaried,1.0,194160.0,2024-03-05,0
APP1428,33,76867.0,Salaried,1.0,236689.0,2024-08-16,0
APP1395,33,7827.0,Unemployed,1.0,105906.0,2024-09-27,0
APP1403,43,47852.0,Self-employed,1.0,299448.0,2024-02-10,0
APP1037,53,29130.0,Salaried,1.0,168689.0,2024-05-12,0
APP1586,55,30131.0,Salaried,1.0,85384.0,2025-01-10,0
APP1206,32,40420.0,Salaried,1.0,289222.0,2024-12-15,0
APP1295,24,26275.0,Salaried,1.0,151226.0,2024-08-23,0
APP1431,56,65638.0,Self-employed,0.0,271587.0,2025-02-08,1
APP1073,38,17290.0,Self-employed,0.0,66169.0,2024-05-17,1
APP1383,28,87372.0,Self-employed,1.0,500981.0,2025-05-09,0
APP1104,42,9045.0,Unemployed,1.0,80105.0,2025-04-08,1
APP1384,48,44572.0,Self-employed,1.0,126915.0,2024-12-26,0
APP1016,35,28975.0,Salaried,1.0,187460.0,2024-11-09,1
APP1091,30,44178.0,Self-employed,1.0,113377.0,2024-04-19,0
APP1088,43,29619.0,Self-employed,1.0,122038.0,2024-03-31,0
APP1407,23,15163.0,Salaried,0.0,120943.0,2025-04-13,1
APP1205,37,28834.0,Salaried,1.0,140410.0,2024-05-09,0
APP1102,33,20364.0,Salaried,0.0,41567.0,2024-08-26,0
APP1238,27,24134.0,Self-employed,1.0,56857.0,2025-02-17,1
APP1437,43,169366.0,Self-employed,1.0,952484.0,2024-03-29,1
APP1246,33,20590.0,Salaried,0.0,54015.0,2025-06-21,1
APP1157,37,21209.0,Self-employed,0.0,142566.0,2024-04-13,1
APP1326,40,43168.0,Salaried,1.0,103832.0,2024-09-01,0
APP1133,30,26277.0,Salaried,1.0,88205.0,2025-05-20,0
APP1392,41,22231.0,Salaried,1.0,73926.0,2024-02-26,0
APP1410,32,21606.0,Salaried,1.0,91727.0,2024-01-13,0
APP1018,23,31016.0,Salaried,1.0,135879.0,2024-05-07,0
APP1466,49,58196.0,Salaried,0.0,197619.0,2025-02-02,0
APP1568,38,13539.0,Unemployed,1.0,20000.0,2025-04-12,1
APP1449,51,29677.0,Salaried,1.0,179486.0,2025-06-04,0
APP1274,33,15286.0,Salaried,1.0,20000.0,2024-11-26,0
APP1455,60,67013.0,Salaried,1.0,177854.0,2024-09-13,0
APP1533,47,24298.0,Salaried,1.0,64219.0,2025-03-10,0
APP1311,31,27250.0,Salaried,1.0,118099.0,2024-07-23,0
APP1397,32,75828.0,Salaried,1.0,334319.0,2024-04-20,0
APP1482,28,39438.0,Salaried,1.0,165884.0,2024-12-11,0
APP1268,25,,Salaried,1.0,117715.0,2025-01-16,1
APP1034,55,8951.0,Unemployed,0.0,82458.0,2025-05-28,1
APP1181,21,73241.0,Salaried,1.0,314713.0,2025-01-03,0
APP1184,25,40658.0,Salaried,1.0,336828.0,2024-05-02,0
APP1207,33,49028.0,Self-employed,1.0,258724.0,2024-04-15,1
APP1094,42,113151.0,Self-employed,0.0,594564.0,2024-06-16,1
APP1548,39,20842.0,Salaried,1.0,136494.0,2024-05-10,0
APP1411,34,9313.0,Unemployed,1.0,41578.0,2024-02-21,1
APP1122,40,11718.0,Salaried,1.0,42344.0,2025-05-18,0
APP1464,34,4530.0,Unemployed,1.0,20000.0,2024-05-31,1
APP1078,37,72225.0,Salaried,0.0,279598.0,2025-02-19,0
APP1350,34,51422.0,Salaried,1.0,257185.0,2024-09-02,0
APP1061,46,36342.0,Salaried,1.0,179058.0,2025-03-13,0
APP1251,44,18139.0,Salaried,1.0,84606.0,2024-05-23,0
APP1125,49,16204.0,Salaried,1.0,72349.0,2024-06-24,0
APP1433,34,11289.0,Salaried,1.0,39051.0,2024-11-15,0
APP1430,45,33644.0,Salaried,1.0,221190.0,2024-09-24,0
APP1589,38,38132.0,Salaried,0.0,180823.0,2024-12-21,0
APP1347,33,39941.0,Salaried,1.0,230089.0,2024-06-25,0
APP1478,24,12561.0,Unemployed,1.0,148531.0,2024-04-02,1
APP1547,47,81933.0,Self-employed,1.0,372149.0,2024-09-25,1
APP1382,54,32607.0,Self-employed,1.0,94895.0,2024-10-18,0
APP1067,43,78229.0,Self-employed,1.0,454333.0,2024-06-11,0
APP1024,65,67875.0,Salaried,1.0,338832.0,2025-02-18,0
APP1447,34,18812.0,Self-employed,1.0,120225.0,2024-05-26,0
APP1491,27,36818.0,Self-employed,1.0,214234.0,2024-01-15,0
APP1599,41,24484.0,Salaried,1.0,190071.0,2025-03-08,0
APP1126,41,48241.0,Self-employed,1.0,238043.0,2025-04-11,1
APP1538,36,37802.0,Salaried,0.0,254238.0,2024-10-04,1
APP1334,37,30261.0,Salaried,1.0,98447.0,2024-06-06,0
APP1394,32,58751.0,Salaried,1.0,247950.0,2024-12-14,0
APP1178,36,5968.0,Unemployed,1.0,40093.0,2025-06-23,1
APP1544,32,26155.0,Self-employed,1.0,92088.0,2024-08-21,0
APP1555,33,25879.0,Salaried,1.0,216793.0,2024-12-30,1
APP1135,29,17456.0,Salaried,0.0,170630.0,2024-08-02,1
APP1223,56,36913.0,Salaried,1.0,101566.0,2024-06-26,0
APP1592,45,26824.0,Salaried,1.0,136563.0,2024-05-02,0
APP1558,59,72458.0,Self-employed,1.0,426565.0,2024-03-23,0
APP1570,55,83309.0,Salaried,1.0,265888.0,2024-07-28,0
APP1093,36,13467.0,Salaried,1.0,73906.0,2024-12-21,0
APP1471,23,17248.0,Unemployed,0.0,126371.0,2024-12-20,1
APP1069,44,1829.0,Unemployed,1.0,69570.0,2024-10-21,0
APP1036,38,28584.0,Salaried,0.0,44168.0,2024-02-12,1
APP1296,29,21786.0,Self-employed,1.0,132893.0,2025-04-09,0
APP1160,62,25280.0,Salaried,1.0,169254.0,2025-06-05,0
APP1362,41,30680.0,Salaried,1.0,126450.0,2024-09-02,0
APP1011,36,4535.0,Unemployed,1.0,44035.0,2025-03-30,1
APP1144,34,33629.0,Salaried,1.0,190752.0,2024-10-13,1
APP1496,36,28139.0,Salaried,1.0,147215.0,2024-01-17,0
APP1127,34,65431.0,Self-employed,1.0,402358.0,2024-07-19,0
APP1423,40,37449.0,Salaried,1.0,98369.0,2024-05-27,0
APP1302,43,22017.0,Salaried,1.0,63190.0,2024-10-17,0
APP1009,40,14077.0,Self-employed,0.0,117532.0,2024-09-24,1
APP1520,34,38428.0,Salaried,1.0,627725.1369599028,2024-03-07,1
APP1176,21,30915.0,Self-employed,1.0,129127.0,2025-05-27,0
APP1231,45,14297.0,Salaried,1.0,114931.0,2024-11-21,0
APP1210,31,32635.0,Salaried,1.0,133948.0,2024-11-01,0
APP1128,44,49270.0,Salaried,1.0,285333.0,2025-06-23,0
APP1143,28,40290.0,Salaried,1.0,116625.0,2024-08-12,0
APP1241,35,3493.0,Unemployed,1.0,20000.0,2024-03-15,0
APP1007,38,9226.0,Self-employed,1.0,25370.0,2024-11-11,1
APP1598,43,33088.0,Salaried,1.0,81375.0,2024-03-29,0
APP1298,28,33580.0,Self-employed,0.0,141776.0,2025-05-13,1
APP1310,49,57418.0,Salaried,1.0,242340.0,2025-05-22,0
APP1254,21,54027.0,Salaried,1.0,153545.0,2025-02-19,0
APP1517,31,12370.0,Self-employed,1.0,20000.0,2024-09-09,0
APP1468,39,26250.0,Salaried,1.0,101988.0,2025-02-21,0
APP1008,31,976668.0,Self-employed,1.0,4068981.0,2024-10-28,0
APP1156,45,18153.0,Self-employed,1.0,21541.0,2025-04-14,1
APP1027,28,24536.0,Salaried,1.0,103462.0,2024-02-25,0
APP1266,41,27301.0,Self-employed,1.0,102536.0,2025-03-14,0
APP1314,32,29697.0,Self-employed,0.0,150957.0,2025-05-30,1
APP1064,39,33210.0,Salaried,1.0,233226.0,2025-02-25,0
APP1453,45,6884.0,Unemployed,1.0,46457.0,2025-01-20,0
APP1255,55,38603.0,Salaried,1.0,97360.0,2025-04-26,0
APP1505,42,,Salaried,1.0,138101.0,2024-02-22,0
APP1153,26,20649.0,Salaried,1.0,45096.0,2024-01-28,0
APP1048,24,93771.0,Salaried,1.0,413299.0,2024-11-19,0
APP1208,38,39987.0,Salaried,1.0,127546.0,2024-01-01,0
APP1439,50,32909.0,Salaried,1.0,145301.0,2024-12-17,0
APP1287,25,29782.0,Salaried,1.0,106929.0,2024-07-28,0
APP1001,30,6457.0,Unemployed,1.0,61866.0,2024-02-20,0
APP1341,49,32911.0,Salaried,1.0,195857.0,2024-01-03,0
APP1269,45,38854.0,Salaried,1.0,266185.0,2024-05-17,1
APP1265,37,40192.0,Self-employed,1.0,166493.0,2024-11-25,1
APP1541,35,26369.0,Self-employed,1.0,72784.0,2024-12-24,0
APP1485,32,1885.0,Unemployed,1.0,57728.0,2024-07-10,1
APP1467,28,34257.0,Self-employed,1.0,74061.0,2024-03-12,0
APP1368,61,24325.0,Salaried,1.0,149707.0,2024-02-02,0
APP1095,32,18661.0,Salaried,1.0,28983.0,2025-03-27,1
APP1575,28,10045.0,Unemployed,1.0,20000.0,2024-01-13,1
APP1352,40,17400.0,Self-employed,1.0,50627.0,2024-11-27,0
APP1042,28,31047.0,Salaried,1.0,173691.0,2025-04-11,0
APP1361,23,43342.0,Self-employed,1.0,275392.0,2024-09-05,1
APP1442,36,92395.0,Salaried,1.0,474281.0,2024-07-27,0
APP1596,32,62412.0,Self-employed,0.0,231349.0,2024-11-18,1
APP1116,38,38623.0,Self-employed,1.0,98239.0,2024-08-26,0
APP1424,38,18249.0,Salaried,1.0,67962.0,2024-12-30,0
APP1045,24,43003.0,Self-employed,1.0,81628.0,2025-04-15,0
APP1161,39,48814.0,Self-employed,1.0,184796.0,2024-04-15,0
APP1527,42,55924.0,Salaried,1.0,281150.0,2025-01-15,0
APP1117,55,34706.0,Salaried,1.0,213331.0,2025-06-15,0
APP1288,32,37810.0,Salaried,0.0,193837.0,2025-02-17,1
APP1077,21,37499.0,Salaried,1.0,289696.0,2025-03-01,0
APP1531,26,15552.0,Unemployed,0.0,81722.0,2024-11-12,1
APP1389,42,20677.0,Self-employed,1.0,20000.0,2024-11-16,0
APP1564,35,23518.0,Salaried,0.0,78689.0,2024-04-16,0
APP1412,41,14043.0,Unemployed,1.0,20000.0,2024-07-27,1
APP1063,28,28805.0,Salaried,1.0,131487.0,2024-12-01,0
APP1338,41,89982.0,Salaried,1.0,567304.0,2024-08-11,1
APP1315,56,27667.0,Self-employed,1.0,160826.0,2024-03-16,0
APP1299,49,45141.0,Salaried,1.0,44817.0,2025-06-04,0
APP1399,50,159885.0,Self-employed,1.0,604012.0,2024-06-06,0
APP1230,26,27077.0,Self-employed,1.0,215838.0,2025-03-20,1
APP1297,24,11036.0,Salaried,1.0,52095.0,2024-08-15,0
APP1186,35,24335.0,Self-employed,1.0,77997.0,2025-05-09,1
APP1473,42,63366.0,Self-employed,1.0,447050.0,2024-11-23,1
APP1199,27,42671.0,Self-employed,1.0,84617.0,2024-09-21,0
APP1420,38,17057.0,Self-employed,1.0,63562.0,2025-02-23,0
APP1365,49,39313.0,Salaried,1.0,209395.0,2024-11-08,0
APP1480,42,23503.0,Self-employed,0.0,386052.56247891136,2024-11-19,1
APP1396,32,53350.0,Self-employed,1.0,254825.0,2025-04-27,0
APP1121,21,25014.0,Self-employed,1.0,44209.0,2024-07-20,0
APP1578,42,20870.0,Salaried,1.0,107846.0,2024-02-20,0
APP1247,48,15422.0,Unemployed,1.0,55836.0,2025-03-01,0
APP1307,39,40889.0,Salaried,1.0,167340.0,2024-04-03,0
APP1574,44,31474.0,Self-employed,1.0,156114.0,2024-09-09,0
APP1363,47,34466.0,Salaried,0.0,150763.0,2024-06-05,1
APP1158,41,20028.0,Salaried,1.0,89907.0,2025-03-01,0
APP1085,32,43724.0,Salaried,1.0,70564.0,2024-05-09,0
APP1469,31,3560.0,Unemployed,1.0,30280.0,2024-10-09,1
APP1225,51,25084.0,Salaried,1.0,56955.0,2024-06-02,0
APP1376,25,47017.0,Self-employed,,181425.0,2024-09-02,0
APP1262,39,16551.0,Salaried,1.0,30224.0,2024-06-04,0
APP1331,49,29014.0,Self-employed,1.0,177177.0,2024-05-22,0
APP1233,34,39316.0,Salaried,1.0,170095.0,2024-05-24,0
APP1076,44,38261.0,Self-employed,1.0,205057.0,2025-02-19,0
APP1475,37,4749.0,Unemployed,1.0,20000.0,2025-03-22,1
APP1530,38,47339.0,Self-employed,1.0,310177.0,2024-04-18,1
APP1149,52,40087.0,Salaried,1.0,186774.0,2024-01-14,1
APP1087,27,82166.0,Self-employed,1.0,263422.0,2024-11-03,0
APP1457,40,26729.0,Salaried,1.0,84992.0,2024-12-10,0
APP1421,56,47040.0,Self-employed,1.0,220399.0,2025-06-05,0
APP1201,39,15286.0,Salaried,1.0,61493.0,2025-04-04,0
APP1182,46,10197.0,Unemployed,1.0,118526.0,2024-04-08,1
APP1476,32,32128.0,Salaried,0.0,159313.0,2025-01-07,0
APP1507,51,23917.0,Self-employed,1.0,20000.0,2024-02-23,0
APP1105,34,24868.0,Salaried,1.0,136516.0,2025-03-28,0
APP1332,46,60837.0,Salaried,1.0,256004.0,2024-12-17,0
APP1438,49,26269.0,Self-employed,0.0,100813.0,2024-12-20,1
APP1049,44,27535.0,Salaried,0.0,173756.0,2025-01-30,1
APP1335,21,19646.0,Salaried,1.0,144143.0,2025-03-21,0
APP1005,26,24250.0,Salaried,1.0,77925.0,2024-04-15,0
APP1017,21,38653.0,Salaried,1.0,110803.0,2024-07-02,0
APP1234,45,16206.0,Salaried,1.0,105152.0,2024-10-01,0
APP1486,25,29286.0,Salaried,1.0,199157.0,2024-07-12,0
APP1536,40,17061.0,Self-employed,1.0,26351.0,2024-08-09,1
APP1497,42,26582.0,Salaried,1.0,31451.0,2024-12-16,0
APP1372,54,92126.0,Salaried,1.0,435065.0,2024-02-24,0
APP1110,50,52178.0,Salaried,1.0,166706.0,2024-05-04,1
APP1106,41,7520.0,Salaried,1.0,20000.0,2025-01-05,0
APP1443,39,57792.0,Salaried,1.0,369538.0,2024-10-07,0
APP1418,24,27342.0,Self-employed,1.0,20204.0,2024-07-14,0
APP1488,45,16976.0,Unemployed,1.0,20000.0,2025-02-06,1
APP1134,46,11312.0,Unemployed,1.0,20000.0,2024-11-15,1
APP1012,44,19959.0,Self-employed,1.0,128239.0,2024-10-18,0
APP1226,45,10411.0,Unemployed,1.0,20000.0,2024-07-19,1
APP1214,21,16539.0,Self-employed,1.0,57357.0,2024-11-25,0
APP1190,36,20804.0,Salaried,1.0,129760.0,2024-11-10,0
APP1282,41,21218.0,Salaried,1.0,109501.0,2024-11-05,1
APP1029,40,93173.0,Salaried,1.0,554842.0,2024-05-17,0
APP1169,51,37331.0,Salaried,1.0,291537.0,2025-01-14,0
APP1180,28,19110.0,Salaried,1.0,82880.0,2025-05-10,0
APP1100,41,73358.0,Salaried,1.0,265550.0,2024-06-15,0
APP1197,49,41796.0,Self-employed,1.0,138701.0,2024-02-23,0
APP1495,40,58385.0,Salaried,1.0,247611.0,2024-01-28,1
APP1581,54,7422.0,Unemployed,,32780.0,2024-07-29,0
APP1373,33,24760.0,Self-employed,1.0,61210.0,2024-03-01,0
APP1460,37,28411.0,Salaried,1.0,149445.0,2024-06-20,0
APP1413,41,36941.0,Salaried,1.0,124963.0,2025-02-05,0
APP1131,40,49882.0,Salaried,1.0,157538.0,2025-01-27,0
APP1039,29,30594.0,Salaried,1.0,138273.0,2024-03-05,0
APP1434,44,12847.0,Salaried,1.0,107950.0,2024-05-05,0
APP1215,49,58680.0,Salaried,0.0,385641.0,2024-11-20,1
APP1474,54,22723.0,Salaried,1.0,80354.0,2025-06-18,0
APP1456,35,15868.0,Salaried,1.0,20000.0,2024-12-11,0
APP1260,38,43763.0,Self-employed,1.0,144538.0,2024-04-05,0
APP1035,47,31157.0,Self-employed,0.0,195554.0,2024-03-24,1
APP1309,37,17410.0,Salaried,1.0,130808.0,2025-03-11,1
APP1276,40,55888.0,Self-employed,1.0,245279.0,2024-10-11,0
APP1393,63,52605.0,Self-employed,1.0,223856.0,2025-01-10,0
APP1107,59,94446.0,Self-employed,1.0,538742.0,2025-05-01,0
APP1562,31,35042.0,Salaried,1.0,129934.0,2025-04-26,0
APP1524,22,21261.0,Self-employed,1.0,140242.0,2024-02-25,1
APP1047,57,6045.0,Salaried,1.0,29266.0,2024-03-28,0
APP1203,38,46324.0,Self-employed,1.0,184166.0,2024-02-12,1
APP1021,36,22662.0,Salaried,0.0,20000.0,2025-01-20,1
APP1402,30,44996.0,Salaried,1.0,193164.0,2024-05-01,0
APP1083,34,15136.0,Salaried,1.0,72381.0,2024-09-09,0
APP1130,40,17252.0,Salaried,1.0,23507.0,2024-02-11,0
APP1415,58,37969.0,Salaried,1.0,150003.0,2024-02-20,1
APP1286,21,32478.0,Salaried,,223397.0,2024-05-07,1
APP1123,46,28167.0,Salaried,1.0,91959.0,2024-02-06,0
APP1033,27,,Unemployed,1.0,20000.0,2025-01-06,1
APP1516,39,46021.0,Salaried,1.0,235198.0,2025-05-10,0
APP1019,52,14682.0,Salaried,1.0,130834.0,2024-10-13,0
APP1552,47,31808.0,Salaried,1.0,270112.0,2024-06-11,0
APP1219,34,25584.0,Self-employed,1.0,32220.0,2025-01-13,0
APP1481,33,19508.0,Self-employed,1.0,20000.0,2025-01-18,0
APP1356,36,61729.0,Salaried,0.0,335291.0,2025-04-07,1
APP1224,47,33045.0,Salaried,1.0,92626.0,2024-12-19,0
APP1092,44,,Self-employed,1.0,84975.0,2024-12-05,1
APP1151,57,30404.0,Salaried,,170026.0,2025-02-23,0
APP1587,33,64649.0,Salaried,1.0,316444.0,2024-03-22,0
APP1317,32,76225.0,Salaried,1.0,218410.0,2025-02-13,0
APP1448,38,18958.0,Salaried,1.0,96777.0,2024-10-05,0
APP1522,33,4241.0,Unemployed,1.0,37912.0,2025-04-07,1
APP1279,21,86313.0,Self-employed,1.0,526156.0,2024-08-26,0
APP1349,33,37571.0,Self-employed,,105711.0,2024-11-02,0
APP1374,34,26326.0,Salaried,1.0,76122.0,2025-06-03,0
APP1400,52,40580.0,Salaried,1.0,183567.0,2025-06-15,0
APP1257,37,48661.0,Self-employed,1.0,201348.0,2024-10-23,0
APP1072,22,35117.0,Salaried,1.0,193487.0,2025-01-21,0
APP1195,45,12635.0,Salaried,1.0,30877.0,2024-05-11,0
APP1483,45,23625.0,Self-employed,1.0,62113.0,2024-04-12,0
APP1137,33,18762.0,Self-employed,0.0,50492.0,2024-08-23,1
APP1494,38,45313.0,Salaried,1.0,277171.0,2024-02-21,0
APP1550,45,22799.0,Salaried,1.0,179904.0,2024-06-28,0
APP1462,44,80516.0,Self-employed,1.0,362951.0,2024-09-26,0
APP1201,39,15286.0,Salaried,1.0,61493.0,2025-04-04,0
APP1312,38,29289.0,Salaried,1.0,177117.0,2025-01-15,1
APP1290,43,50124.0,Salaried,1.0,311912.0,2024-09-09,1
APP1189,23,17016.0,Salaried,0.0,117990.0,2025-06-03,1
APP1112,21,7503.0,Unemployed,1.0,34952.0,2024-07-10,1
APP1183,39,31374.0,Self-employed,1.0,209482.0,2024-11-12,1
APP1152,30,,Salaried,1.0,157691.0,2025-06-03,0
APP1325,44,80489.0,Self-employed,1.0,490283.0,2025-06-23,0
APP1044,29,49216.0,Salaried,1.0,127471.0,2024-05-27,0
APP1444,50,68267.0,Self-employed,1.0,310547.0,2025-03-18,0
APP1006,58,45453.0,Salaried,1.0,133146.0,2024-07-11,0
APP1250,22,39938.0,Salaried,1.0,206220.0,2025-06-08,0
APP1075,29,,Self-employed,1.0,46421.0,2025-03-06,0
APP1512,31,7216.0,Unemployed,1.0,25794.0,2024-02-27,1
APP1391,43,20780.0,Salaried,1.0,142070.0,2024-03-23,0
APP1432,44,21266.0,Self-employed,1.0,109373.0,2024-01-11,0
APP1068,31,42248.0,Salaried,1.0,73150.0,2024-06-13,0
APP1167,43,35256.0,Salaried,1.0,181128.0,2024-12-08,0
APP1554,48,42828.0,Self-employed,1.0,169320.0,2025-05-24,1
APP1366,33,5444.0,Unemployed,,20000.0,2024-03-06,0
APP1345,38,30756.0,Self-employed,1.0,45477.0,2025-04-08,0
APP1584,40,103139.0,Self-employed,1.0,561472.0,2024-06-04,0
APP1535,38,7148.0,Unemployed,1.0,52324.0,2024-08-05,1
APP1398,32,39193.0,Self-employed,1.0,152864.0,2024-03-16,0
APP1185,25,96983.0,Self-employed,1.0,490856.0,2024-11-15,0
APP1348,39,57076.0,Salaried,1.0,175902.0,2024-03-03,0
APP1211,39,145692.0,Self-employed,1.0,733040.0,2025-06-10,0
APP1579,44,52390.0,Salaried,0.0,206162.0,2024-05-28,1
APP1502,41,49142.0,Salaried,1.0,280216.0,2024-10-20,0
APP1537,21,5963.0,Salaried,1.0,50023.0,2025-06-11,1
APP1196,56,44525.0,Self-employed,1.0,280527.0,2024-12-21,1
APP1175,49,100287.0,Salaried,0.0,455744.0,2024-11-28,0
